survey,covariate,covariate_label,age_group,year,coefficient,se,ci_lower,ci_upper,n_unweighted,category
MEPS,comorb_count,Comorbidity Count,18-29,2007,-0.48152494384440325,0.040929152402243214,-0.5617698095687512,-0.4012800781200553,3856,Comorbidity Count
MEPS,comorb_count,Comorbidity Count,18-29,2008,-0.392365990594333,0.03809958483295665,-0.4670596916723517,-0.3176722895163144,4548,Comorbidity Count
MEPS,comorb_count,Comorbidity Count,18-29,2009,-0.3350230558148711,0.034090914371010986,-0.40185615020912907,-0.26818996142061313,5017,Comorbidity Count
MEPS,comorb_count,Comorbidity Count,18-29,2010,-0.3183272204872613,0.0349601481144603,-0.3868669224081348,-0.24978751856638787,4352,Comorbidity Count
MEPS,comorb_count,Comorbidity Count,18-29,2011,-0.414268624181341,0.030843980088080456,-0.4747366262799246,-0.3538006220827575,4910,Comorbidity Count
MEPS,comorb_count,Comorbidity Count,18-29,2012,-0.3841423035231473,0.03129909426298422,-0.44550071746694403,-0.32278388957935067,5579,Comorbidity Count
MEPS,comorb_count,Comorbidity Count,18-29,2013,-0.39136549651155267,0.03329811936029974,-0.45664407921637196,-0.3260869138067334,5110,Comorbidity Count
MEPS,comorb_count,Comorbidity Count,18-29,2014,-0.41042214672714133,0.03589529407340326,-0.48079441218181435,-0.3400498812724683,4537,Comorbidity Count
MEPS,comorb_count,Comorbidity Count,18-29,2015,-0.44329942527622335,0.03401932785894235,-0.5099943503217337,-0.37660450023071296,4421,Comorbidity Count
MEPS,comorb_count,Comorbidity Count,18-29,2016,-0.45667372054617283,0.032205197572210985,-0.5198127335137386,-0.3935347075786071,4251,Comorbidity Count
MEPS,comorb_count,Comorbidity Count,18-29,2017,-0.37018242172508137,0.03507958369341056,-0.43895946000787145,-0.3014053834422913,3732,Comorbidity Count
MEPS,comorb_count,Comorbidity Count,18-29,2018,-0.32052909559074694,0.03393614888832503,-0.3870681068264856,-0.25399008435500825,3175,Comorbidity Count
MEPS,comorb_count,Comorbidity Count,18-29,2019,-0.3686657770369498,0.03735100902095116,-0.4419049399352114,-0.2954266141386882,2727,Comorbidity Count
MEPS,comorb_count,Comorbidity Count,18-29,2020,-0.3689608536275809,0.04843955327859508,-0.4639675278005045,-0.2739541794546574,1721,Comorbidity Count
MEPS,comorb_count,Comorbidity Count,18-29,2021,-0.35604394326799016,0.05206271278416185,-0.45815061720716055,-0.2539372693288197,1885,Comorbidity Count
MEPS,comorb_count,Comorbidity Count,18-29,2022,-0.3767042071345027,0.05471734155044832,-0.48405543043768073,-0.26935298383132456,1214,Comorbidity Count
MEPS,comorb_count,Comorbidity Count,18-29,2023,-0.3933739851239826,0.06535503923057252,-0.521613798409681,-0.26513417183828414,1063,Comorbidity Count
MEPS,comorb_count,Comorbidity Count,30-39,2007,-0.4099970637977078,0.03052060536111142,-0.469837021110386,-0.35015710648502957,3506,Comorbidity Count
MEPS,comorb_count,Comorbidity Count,30-39,2008,-0.37393841658940724,0.02772219613056582,-0.4282900406973021,-0.31958679248151234,3845,Comorbidity Count
MEPS,comorb_count,Comorbidity Count,30-39,2009,-0.43512508168458675,0.02540145685385335,-0.484924862826729,-0.38532530054244446,4357,Comorbidity Count
MEPS,comorb_count,Comorbidity Count,30-39,2010,-0.444463492470631,0.022996057567696317,-0.4895491442722444,-0.39937784066901766,3843,Comorbidity Count
MEPS,comorb_count,Comorbidity Count,30-39,2011,-0.4569986225454575,0.024814944451252985,-0.5056493576245379,-0.40834788746637707,4109,Comorbidity Count
MEPS,comorb_count,Comorbidity Count,30-39,2012,-0.4413157038876585,0.023588873409171027,-0.48756098337923026,-0.39507042439608675,4691,Comorbidity Count
MEPS,comorb_count,Comorbidity Count,30-39,2013,-0.43859102032633207,0.025640480430808164,-0.48885957818612236,-0.38832246246654184,4305,Comorbidity Count
MEPS,comorb_count,Comorbidity Count,30-39,2014,-0.39475735354889235,0.02661698510565795,-0.4469415794463556,-0.3425731276514291,3976,Comorbidity Count
MEPS,comorb_count,Comorbidity Count,30-39,2015,-0.43717129791130377,0.026967934988358932,-0.49004352997883605,-0.3842990658437715,3989,Comorbidity Count
MEPS,comorb_count,Comorbidity Count,30-39,2016,-0.40515075211161683,0.024446565452193734,-0.4530800760026643,-0.35722142822056935,3886,Comorbidity Count
MEPS,comorb_count,Comorbidity Count,30-39,2017,-0.3697081756667037,0.026097874256951814,-0.4208766486618425,-0.31853970267156495,3525,Comorbidity Count
MEPS,comorb_count,Comorbidity Count,30-39,2018,-0.40699205161667024,0.024082026918811943,-0.45420957964397946,-0.359774523589361,3245,Comorbidity Count
MEPS,comorb_count,Comorbidity Count,30-39,2019,-0.40496731177920625,0.028248654204696286,-0.4603576774298429,-0.3495769461285696,2793,Comorbidity Count
MEPS,comorb_count,Comorbidity Count,30-39,2020,-0.38459181115695645,0.03537637147954209,-0.45397029549920853,-0.3152133268147044,1998,Comorbidity Count
MEPS,comorb_count,Comorbidity Count,30-39,2021,-0.3795092684604941,0.034161986997683344,-0.4465044236305025,-0.3125141132904857,2087,Comorbidity Count
MEPS,comorb_count,Comorbidity Count,30-39,2022,-0.34570874118030614,0.04886611039133903,-0.4415619530318026,-0.24985552932880967,1501,Comorbidity Count
MEPS,comorb_count,Comorbidity Count,30-39,2023,-0.3034325448844209,0.04000593965648318,-0.38191223195018276,-0.22495285781865904,1369,Comorbidity Count
MEPS,comorb_count,Comorbidity Count,40-49,2007,-0.43296469378447533,0.019059612369616723,-0.47033314147135574,-0.3955962460975949,3681,Comorbidity Count
MEPS,comorb_count,Comorbidity Count,40-49,2008,-0.43552096267284396,0.01858173434530879,-0.4719516898739627,-0.3990902354717253,3940,Comorbidity Count
MEPS,comorb_count,Comorbidity Count,40-49,2009,-0.4428139964899665,0.017180670265240554,-0.47649671709876434,-0.40913127588116865,4421,Comorbidity Count
MEPS,comorb_count,Comorbidity Count,40-49,2010,-0.4428562710542285,0.019318127346785192,-0.48073094118447096,-0.404981600923986,3875,Comorbidity Count
MEPS,comorb_count,Comorbidity Count,40-49,2011,-0.4145298889115429,0.020651631037639947,-0.45501852942557824,-0.3740412483975076,4023,Comorbidity Count
MEPS,comorb_count,Comorbidity Count,40-49,2012,-0.42893525433998797,0.020016358657809614,-0.4681772650821847,-0.38969324359779123,4454,Comorbidity Count
MEPS,comorb_count,Comorbidity Count,40-49,2013,-0.40351152465810586,0.019326205531533185,-0.4414015206276237,-0.365621528688588,4050,Comorbidity Count
MEPS,comorb_count,Comorbidity Count,40-49,2014,-0.4230454920992499,0.018054496660689322,-0.45844360966169617,-0.38764737453680365,3586,Comorbidity Count
MEPS,comorb_count,Comorbidity Count,40-49,2015,-0.3802493783988602,0.019523533159118756,-0.41852746222036735,-0.34197129457735304,3661,Comorbidity Count
MEPS,comorb_count,Comorbidity Count,40-49,2016,-0.4184779253389111,0.01858167715794881,-0.45490923838524977,-0.3820466122925724,3709,Comorbidity Count
MEPS,comorb_count,Comorbidity Count,40-49,2017,-0.4108939465943643,0.020686557757093414,-0.4514532933809845,-0.370334599807744,3402,Comorbidity Count
MEPS,comorb_count,Comorbidity Count,40-49,2018,-0.3971895159564494,0.021125581425474556,-0.43861181530326154,-0.3557672166096373,2965,Comorbidity Count
MEPS,comorb_count,Comorbidity Count,40-49,2019,-0.3950835521535853,0.020517603428715905,-0.4353154585846257,-0.3548516457225449,2686,Comorbidity Count
MEPS,comorb_count,Comorbidity Count,40-49,2020,-0.3791314773394316,0.024184825997127558,-0.42656180044192493,-0.33170115423693824,1986,Comorbidity Count
MEPS,comorb_count,Comorbidity Count,40-49,2021,-0.3540541569800881,0.02603361122209442,-0.40510909467962375,-0.30299921928055235,2062,Comorbidity Count
MEPS,comorb_count,Comorbidity Count,40-49,2022,-0.3303539835676526,0.031213573037914007,-0.39158394802903274,-0.2691240191062725,1414,Comorbidity Count
MEPS,comorb_count,Comorbidity Count,40-49,2023,-0.34398677140793754,0.041262856975469844,-0.42493703008897754,-0.2630365127268975,1282,Comorbidity Count
MEPS,comorb_count,Comorbidity Count,50-59,2007,-0.4582457678499763,0.01587346762360088,-0.4893684138876576,-0.42712312181229495,3359,Comorbidity Count
MEPS,comorb_count,Comorbidity Count,50-59,2008,-0.3927988398031565,0.015309477655169431,-0.4228151536336956,-0.3627825259726174,3533,Comorbidity Count
MEPS,comorb_count,Comorbidity Count,50-59,2009,-0.4065536071287058,0.014414843744582743,-0.43481460681984857,-0.37829260743756304,4062,Comorbidity Count
MEPS,comorb_count,Comorbidity Count,50-59,2010,-0.42296288257553166,0.01462843595744567,-0.4516435335789104,-0.394282231572153,3678,Comorbidity Count
MEPS,comorb_count,Comorbidity Count,50-59,2011,-0.3757062248193261,0.015438432560761424,-0.4059743375805651,-0.34543811205808705,3924,Comorbidity Count
MEPS,comorb_count,Comorbidity Count,50-59,2012,-0.38907130839731036,0.01521680152863926,-0.4189039371150525,-0.35923867967956824,4381,Comorbidity Count
MEPS,comorb_count,Comorbidity Count,50-59,2013,-0.3927350301428245,0.016082173928402593,-0.42426511251496923,-0.3612049477706798,3977,Comorbidity Count
MEPS,comorb_count,Comorbidity Count,50-59,2014,-0.3964322180657762,0.01601716179620688,-0.4278354520778004,-0.36502898405375206,3738,Comorbidity Count
MEPS,comorb_count,Comorbidity Count,50-59,2015,-0.39910896023962195,0.01566327209590358,-0.4298179939899241,-0.3683999264893198,3880,Comorbidity Count
MEPS,comorb_count,Comorbidity Count,50-59,2016,-0.4012885274808571,0.015071944046505933,-0.43083849712607747,-0.3717385578356367,3766,Comorbidity Count
MEPS,comorb_count,Comorbidity Count,50-59,2017,-0.3698957880397068,0.015216676537155239,-0.3997301992191767,-0.3400613768602369,3517,Comorbidity Count
MEPS,comorb_count,Comorbidity Count,50-59,2018,-0.3742493899766312,0.015907075359931265,-0.405438430229683,-0.3430603497235794,3216,Comorbidity Count
MEPS,comorb_count,Comorbidity Count,50-59,2019,-0.3907609100866338,0.01700220880449371,-0.42409836089815633,-0.3574234592751112,2940,Comorbidity Count
MEPS,comorb_count,Comorbidity Count,50-59,2020,-0.3671587488548132,0.017687348773519594,-0.40184310371696264,-0.33247439399266376,2362,Comorbidity Count
MEPS,comorb_count,Comorbidity Count,50-59,2021,-0.3587424921608982,0.01779065271413898,-0.3936289935328763,-0.32385599078892013,2420,Comorbidity Count
MEPS,comorb_count,Comorbidity Count,50-59,2022,-0.3043167868070804,0.022269019530123082,-0.34799326523921686,-0.26064030837494395,1764,Comorbidity Count
MEPS,comorb_count,Comorbidity Count,50-59,2023,-0.30903864614359927,0.021478227207405907,-0.35116841726854275,-0.2669088750186558,1537,Comorbidity Count
MEPS,comorb_count,Comorbidity Count,60-69,2007,-0.3642008711432153,0.018958425209572097,-0.4013787455756396,-0.327022996710791,2247,Comorbidity Count
MEPS,comorb_count,Comorbidity Count,60-69,2008,-0.368915622449193,0.01607444933806065,-0.4004374948206717,-0.3373937500777143,2310,Comorbidity Count
MEPS,comorb_count,Comorbidity Count,60-69,2009,-0.34024695776653796,0.016426794667522795,-0.3724574253270562,-0.3080364902060197,2683,Comorbidity Count
MEPS,comorb_count,Comorbidity Count,60-69,2010,-0.34914644566685227,0.0167534198009398,-0.3819982925757028,-0.31629459875800175,2527,Comorbidity Count
MEPS,comorb_count,Comorbidity Count,60-69,2011,-0.341114449009929,0.015021093813562543,-0.3705682389817894,-0.31166065903806855,2747,Comorbidity Count
MEPS,comorb_count,Comorbidity Count,60-69,2012,-0.3248012025219357,0.01658299788902258,-0.3573157666168141,-0.29228663842705727,3154,Comorbidity Count
MEPS,comorb_count,Comorbidity Count,60-69,2013,-0.3288012535847674,0.016990259208108,-0.36211510776799183,-0.295487399401543,2976,Comorbidity Count
MEPS,comorb_count,Comorbidity Count,60-69,2014,-0.3395981800266342,0.01588065180055324,-0.37073750652923,-0.30845885352403846,2729,Comorbidity Count
MEPS,comorb_count,Comorbidity Count,60-69,2015,-0.3422663027755295,0.016758987333657518,-0.37512749395063366,-0.30940511160042533,2807,Comorbidity Count
MEPS,comorb_count,Comorbidity Count,60-69,2016,-0.3359787815349513,0.015791492979900786,-0.3669421193233126,-0.30501544374659,2981,Comorbidity Count
MEPS,comorb_count,Comorbidity Count,60-69,2017,-0.33669829025340864,0.014652074167672615,-0.36542715436021167,-0.3079694261466056,3072,Comorbidity Count
MEPS,comorb_count,Comorbidity Count,60-69,2018,-0.3337704332013899,0.014141564027688543,-0.3614979197080653,-0.3060429466947145,3189,Comorbidity Count
MEPS,comorb_count,Comorbidity Count,60-69,2019,-0.3130825739908733,0.014191034849834899,-0.3409074791463334,-0.2852576688354132,3067,Comorbidity Count
MEPS,comorb_count,Comorbidity Count,60-69,2020,-0.3096802329736165,0.015919580277817362,-0.34089551114404887,-0.2784649548031842,2806,Comorbidity Count
MEPS,comorb_count,Comorbidity Count,60-69,2021,-0.3165718473982004,0.01455607328238979,-0.34511271103548224,-0.2880309837609185,3010,Comorbidity Count
MEPS,comorb_count,Comorbidity Count,60-69,2022,-0.3245711418611895,0.01764392721793649,-0.35917107669510223,-0.28997120702727675,2269,Comorbidity Count
MEPS,comorb_count,Comorbidity Count,60-69,2023,-0.32344673085291703,0.019795583891083653,-0.36226863532900044,-0.2846248263768336,2021,Comorbidity Count
MEPS,comorb_count,Comorbidity Count,70-79,2007,-0.32248864242364234,0.02511887685711214,-0.3717642061463714,-0.27321307870091327,1374,Comorbidity Count
MEPS,comorb_count,Comorbidity Count,70-79,2008,-0.2970538919329341,0.019660093397210858,-0.3356216219333237,-0.2584861619325445,1349,Comorbidity Count
MEPS,comorb_count,Comorbidity Count,70-79,2009,-0.32144077112666014,0.01951635225874244,-0.35972449923594807,-0.2831570430173722,1433,Comorbidity Count
MEPS,comorb_count,Comorbidity Count,70-79,2010,-0.3164818365929509,0.020890750091169613,-0.35746256161915557,-0.2755011115667463,1395,Comorbidity Count
MEPS,comorb_count,Comorbidity Count,70-79,2011,-0.2823568045383093,0.022823291961811286,-0.3271254244968881,-0.23758818457973055,1516,Comorbidity Count
MEPS,comorb_count,Comorbidity Count,70-79,2012,-0.2540385154778698,0.020904285636813503,-0.2950411215649945,-0.21303590939074515,1605,Comorbidity Count
MEPS,comorb_count,Comorbidity Count,70-79,2013,-0.24484263281132146,0.021415874222551597,-0.28685230944951073,-0.20283295617313213,1441,Comorbidity Count
MEPS,comorb_count,Comorbidity Count,70-79,2014,-0.27375182886275096,0.021705225535205624,-0.31632887828837297,-0.2311747794371289,1450,Comorbidity Count
MEPS,comorb_count,Comorbidity Count,70-79,2015,-0.308481705265562,0.01922326284115497,-0.3461871667767321,-0.2707762437543919,1600,Comorbidity Count
MEPS,comorb_count,Comorbidity Count,70-79,2016,-0.30165321221101843,0.019719921944626257,-0.3403304685097719,-0.26297595591226497,1741,Comorbidity Count
MEPS,comorb_count,Comorbidity Count,70-79,2017,-0.2682844738418288,0.019805040334657405,-0.3071261890261265,-0.2294427586575311,1917,Comorbidity Count
MEPS,comorb_count,Comorbidity Count,70-79,2018,-0.2663785850037544,0.017435655429149426,-0.3005713815165127,-0.2321857884909961,2120,Comorbidity Count
MEPS,comorb_count,Comorbidity Count,70-79,2019,-0.23977786065680487,0.018060203705865776,-0.275195999208783,-0.20435972210482678,2064,Comorbidity Count
MEPS,comorb_count,Comorbidity Count,70-79,2020,-0.27125763483816445,0.017573182629972806,-0.30572064938145704,-0.2367946202948719,2066,Comorbidity Count
MEPS,comorb_count,Comorbidity Count,70-79,2021,-0.25207702000681753,0.017686356752465642,-0.2867589811534162,-0.21739505886021887,2423,Comorbidity Count
MEPS,comorb_count,Comorbidity Count,70-79,2022,-0.25995220737001257,0.02056377690848552,-0.300283129557507,-0.2196212851825181,1833,Comorbidity Count
MEPS,comorb_count,Comorbidity Count,70-79,2023,-0.2465430125922392,0.019302263100011825,-0.28440353728711865,-0.20868248789735977,1594,Comorbidity Count
MEPS,comorb_count,Comorbidity Count,80-89,2007,-0.23167813506418414,0.032955215330970955,-0.29636160072916923,-0.16699466939919905,849,Comorbidity Count
MEPS,comorb_count,Comorbidity Count,80-89,2008,-0.25440977429263284,0.031145518747266482,-0.31554682934375666,-0.19327271924150907,798,Comorbidity Count
MEPS,comorb_count,Comorbidity Count,80-89,2009,-0.254413856870041,0.029552728394539467,-0.3124118652561103,-0.19641584848397162,929,Comorbidity Count
MEPS,comorb_count,Comorbidity Count,80-89,2010,-0.20102873080946293,0.026487626459582022,-0.2530132021252583,-0.14904425949366756,905,Comorbidity Count
MEPS,comorb_count,Comorbidity Count,80-89,2011,-0.2655937508580088,0.025971160209171416,-0.31656408210883713,-0.21462341960718043,912,Comorbidity Count
MEPS,comorb_count,Comorbidity Count,80-89,2012,-0.23251706201574338,0.027140156619119775,-0.2857793717196333,-0.17925475231185345,942,Comorbidity Count
MEPS,comorb_count,Comorbidity Count,80-89,2013,-0.23569489790562936,0.02569987644330016,-0.28613705246372356,-0.18525274334753516,858,Comorbidity Count
MEPS,comorb_count,Comorbidity Count,80-89,2014,-0.22653665873666434,0.029161128858520246,-0.283773501299287,-0.16929981617404166,846,Comorbidity Count
MEPS,comorb_count,Comorbidity Count,80-89,2015,-0.19077621829643485,0.029264762418982182,-0.2482086830598312,-0.13334375353303848,934,Comorbidity Count
MEPS,comorb_count,Comorbidity Count,80-89,2016,-0.2273341466454809,0.02843078088253815,-0.28312484412743677,-0.17154344916352507,1004,Comorbidity Count
MEPS,comorb_count,Comorbidity Count,80-89,2017,-0.19592274823452668,0.026994350228493332,-0.24889507444386197,-0.14295042202519137,998,Comorbidity Count
MEPS,comorb_count,Comorbidity Count,80-89,2018,-0.22982887399907428,0.023887014822383916,-0.27669879903995803,-0.18295894895819054,1088,Comorbidity Count
MEPS,comorb_count,Comorbidity Count,80-89,2019,-0.2226193348517424,0.02640932985688971,-0.27444320709439524,-0.1707954626090896,1005,Comorbidity Count
MEPS,comorb_count,Comorbidity Count,80-89,2020,-0.17382509474191515,0.024030611378970185,-0.2209850150368596,-0.1266651744469707,941,Comorbidity Count
MEPS,comorb_count,Comorbidity Count,80-89,2021,-0.18589109687886188,0.02740984929224106,-0.2396754117806889,-0.13210678197703485,1052,Comorbidity Count
MEPS,comorb_count,Comorbidity Count,80-89,2022,-0.25814353918885247,0.030872573052171382,-0.31874244390954654,-0.1975446344681584,819,Comorbidity Count
MEPS,comorb_count,Comorbidity Count,80-89,2023,-0.2205897541351828,0.03204573592526755,-0.28350058500998165,-0.15767892326038394,746,Comorbidity Count
MEPS,K6SUM_scaled,K6 (0-6),18-29,2007,-0.32137271773479065,0.01905742114477977,-0.3587376061664665,-0.2840078293031148,3473,Mental Health
MEPS,K6SUM_scaled,K6 (0-6),18-29,2008,-0.3133184933331282,0.01782716047383473,-0.34826938104043903,-0.2783676056258174,4111,Mental Health
MEPS,K6SUM_scaled,K6 (0-6),18-29,2009,-0.3254853374232434,0.01659201194962306,-0.35801380334798377,-0.2929568714985031,4517,Mental Health
MEPS,K6SUM_scaled,K6 (0-6),18-29,2010,-0.3628941299714357,0.018267559035583837,-0.3987089235950731,-0.32707933634779834,3930,Mental Health
MEPS,K6SUM_scaled,K6 (0-6),18-29,2011,-0.3539771732302909,0.015542624351784549,-0.3844483914151991,-0.32350595504538265,4481,Mental Health
MEPS,K6SUM_scaled,K6 (0-6),18-29,2012,-0.3330448412700766,0.020715127883763694,-0.3736553517456578,-0.29243433079449543,5119,Mental Health
MEPS,K6SUM_scaled,K6 (0-6),18-29,2013,-0.3613732032033499,0.017836190231006854,-0.3963404889979995,-0.3264059174087003,4707,Mental Health
MEPS,K6SUM_scaled,K6 (0-6),18-29,2014,-0.3629672965367351,0.020057593609042083,-0.40229095140301374,-0.32364364167045645,4143,Mental Health
MEPS,K6SUM_scaled,K6 (0-6),18-29,2015,-0.37276496092486294,0.022134991016032578,-0.41616163581681104,-0.32936828603291485,4077,Mental Health
MEPS,K6SUM_scaled,K6 (0-6),18-29,2016,-0.3448880303946608,0.025387758860426768,-0.39466280004223525,-0.2951132607470864,3845,Mental Health
MEPS,K6SUM_scaled,K6 (0-6),18-29,2017,-0.3872287580159527,0.02288847080068413,-0.43210516292940904,-0.34235235310249634,3434,Mental Health
MEPS,K6SUM_scaled,K6 (0-6),18-29,2018,-0.36565171005093233,0.018751073176940507,-0.4024184252732531,-0.32888499482861155,2913,Mental Health
MEPS,K6SUM_scaled,K6 (0-6),18-29,2019,-0.37131418088741486,0.02167896526754624,-0.41382499484145663,-0.3288033669333731,2473,Mental Health
MEPS,K6SUM_scaled,K6 (0-6),18-29,2020,-0.2915682454617556,0.02435729511926622,-0.3393450223072223,-0.24379146861628884,1550,Mental Health
MEPS,K6SUM_scaled,K6 (0-6),18-29,2021,-0.3224872034909337,0.023085436730858343,-0.36776637177464944,-0.27720803520721793,1686,Mental Health
MEPS,K6SUM_scaled,K6 (0-6),18-29,2022,-0.34384005806626544,0.027022533443468322,-0.39686289325102186,-0.290817222881509,1078,Mental Health
MEPS,K6SUM_scaled,K6 (0-6),18-29,2023,-0.34440047092660875,0.031057978160540352,-0.40535231460674825,-0.28344862724646924,932,Mental Health
MEPS,K6SUM_scaled,K6 (0-6),30-39,2007,-0.31728566257678636,0.021961388398155333,-0.3603456183244464,-0.27422570682912634,3175,Mental Health
MEPS,K6SUM_scaled,K6 (0-6),30-39,2008,-0.3256446045243376,0.02069684210210615,-0.3662237427802298,-0.28506546626844537,3492,Mental Health
MEPS,K6SUM_scaled,K6 (0-6),30-39,2009,-0.3626850051916751,0.0181685844924103,-0.39830575807579355,-0.3270642523075567,3928,Mental Health
MEPS,K6SUM_scaled,K6 (0-6),30-39,2010,-0.36337584582187576,0.017044816802502607,-0.396794746417956,-0.32995694522579555,3467,Mental Health
MEPS,K6SUM_scaled,K6 (0-6),30-39,2011,-0.38132792728656195,0.016199917012472937,-0.41308956555721243,-0.34956628901591147,3704,Mental Health
MEPS,K6SUM_scaled,K6 (0-6),30-39,2012,-0.40217506403714665,0.015668665218324676,-0.4328938114164481,-0.3714563166578452,4262,Mental Health
MEPS,K6SUM_scaled,K6 (0-6),30-39,2013,-0.39863804098604794,0.020192700184654078,-0.4382272485938892,-0.3590488333782067,3916,Mental Health
MEPS,K6SUM_scaled,K6 (0-6),30-39,2014,-0.3560096415411532,0.01951232762710856,-0.39426605672179355,-0.3177532263605129,3576,Mental Health
MEPS,K6SUM_scaled,K6 (0-6),30-39,2015,-0.34898862160884275,0.021378409126829732,-0.39090343651081455,-0.3070738067068709,3651,Mental Health
MEPS,K6SUM_scaled,K6 (0-6),30-39,2016,-0.38000093879203223,0.022183740243011563,-0.4234952518352774,-0.33650662574878704,3516,Mental Health
MEPS,K6SUM_scaled,K6 (0-6),30-39,2017,-0.39938367010439135,0.021202741927618805,-0.4409558298381214,-0.3578115103706613,3238,Mental Health
MEPS,K6SUM_scaled,K6 (0-6),30-39,2018,-0.38476276020402495,0.02130730325000871,-0.42654136757266925,-0.34298415283538064,2966,Mental Health
MEPS,K6SUM_scaled,K6 (0-6),30-39,2019,-0.43685637809310623,0.022508019799363694,-0.48099209650269087,-0.3927206596835216,2569,Mental Health
MEPS,K6SUM_scaled,K6 (0-6),30-39,2020,-0.3266848338157575,0.026122808058919672,-0.3779187062266945,-0.27545096140482056,1820,Mental Health
MEPS,K6SUM_scaled,K6 (0-6),30-39,2021,-0.3584658292193425,0.022988816041618575,-0.40355201502807614,-0.31337964341060887,1888,Mental Health
MEPS,K6SUM_scaled,K6 (0-6),30-39,2022,-0.3401419089552673,0.03911007856440411,-0.4168647360670741,-0.2634190818434605,1358,Mental Health
MEPS,K6SUM_scaled,K6 (0-6),30-39,2023,-0.3158632831295706,0.02726109912795104,-0.36934742262463915,-0.2623791436345021,1215,Mental Health
MEPS,K6SUM_scaled,K6 (0-6),40-49,2007,-0.3931370423277387,0.018594087311685863,-0.4295939911863253,-0.35668009346915214,3343,Mental Health
MEPS,K6SUM_scaled,K6 (0-6),40-49,2008,-0.4184123166949643,0.018523466972917034,-0.45473015053929555,-0.3820944828506331,3517,Mental Health
MEPS,K6SUM_scaled,K6 (0-6),40-49,2009,-0.4201424549363062,0.015986665405641327,-0.4514853159342574,-0.388799593938355,3965,Mental Health
MEPS,K6SUM_scaled,K6 (0-6),40-49,2010,-0.43445893449957934,0.014733080557963787,-0.463345285673473,-0.4055725833256857,3483,Mental Health
MEPS,K6SUM_scaled,K6 (0-6),40-49,2011,-0.3837424635768693,0.017195048153630446,-0.41745534258235323,-0.3500295845713854,3644,Mental Health
MEPS,K6SUM_scaled,K6 (0-6),40-49,2012,-0.38783442104214544,0.01751827123657151,-0.4221798914235012,-0.35348895066078967,4042,Mental Health
MEPS,K6SUM_scaled,K6 (0-6),40-49,2013,-0.39474182181326867,0.018511380742558734,-0.4310353919023052,-0.3584482517242321,3684,Mental Health
MEPS,K6SUM_scaled,K6 (0-6),40-49,2014,-0.42823282276435454,0.017323412351843714,-0.46219892224985515,-0.3942667232788539,3205,Mental Health
MEPS,K6SUM_scaled,K6 (0-6),40-49,2015,-0.3954079443250523,0.020046648704398096,-0.43471285892856953,-0.356103029721535,3351,Mental Health
MEPS,K6SUM_scaled,K6 (0-6),40-49,2016,-0.39441271412240203,0.021489127701911803,-0.43654604189290847,-0.3522793863518956,3311,Mental Health
MEPS,K6SUM_scaled,K6 (0-6),40-49,2017,-0.42311918957461647,0.02065801140329937,-0.46362382590191914,-0.3826145532473138,3129,Mental Health
MEPS,K6SUM_scaled,K6 (0-6),40-49,2018,-0.4062451618342152,0.02388692580379617,-0.45308367286878193,-0.3594066507996485,2702,Mental Health
MEPS,K6SUM_scaled,K6 (0-6),40-49,2019,-0.4071240675865548,0.019922485429675306,-0.44619071342868016,-0.3680574217444294,2453,Mental Health
MEPS,K6SUM_scaled,K6 (0-6),40-49,2020,-0.4444698652171812,0.022757470028432248,-0.4891036494339136,-0.39983608100044876,1805,Mental Health
MEPS,K6SUM_scaled,K6 (0-6),40-49,2021,-0.3661401783431206,0.027874071626334675,-0.4208073450409691,-0.31147301164527214,1893,Mental Health
MEPS,K6SUM_scaled,K6 (0-6),40-49,2022,-0.39727916925336465,0.02764595331118736,-0.451515327249692,-0.34304301125703734,1287,Mental Health
MEPS,K6SUM_scaled,K6 (0-6),40-49,2023,-0.34674040682161783,0.03284665874145036,-0.41118727900194474,-0.2822935346412909,1139,Mental Health
MEPS,K6SUM_scaled,K6 (0-6),50-59,2007,-0.4388760645505231,0.016007191480820505,-0.4702622293000966,-0.4074898998009496,3006,Mental Health
MEPS,K6SUM_scaled,K6 (0-6),50-59,2008,-0.44146666689582986,0.015215064144307542,-0.4712992214387059,-0.4116341123529539,3121,Mental Health
MEPS,K6SUM_scaled,K6 (0-6),50-59,2009,-0.4233763484171885,0.013341148597471058,-0.4495333232120791,-0.3972193736222979,3598,Mental Health
MEPS,K6SUM_scaled,K6 (0-6),50-59,2010,-0.44287237260569684,0.014935697967251794,-0.47215662873056785,-0.41358811648082583,3276,Mental Health
MEPS,K6SUM_scaled,K6 (0-6),50-59,2011,-0.4110754782850367,0.019560994349638684,-0.4494275741392494,-0.37272338243082404,3505,Mental Health
MEPS,K6SUM_scaled,K6 (0-6),50-59,2012,-0.41570515831345906,0.015652679873492958,-0.446393184359486,-0.3850171322674321,3980,Mental Health
MEPS,K6SUM_scaled,K6 (0-6),50-59,2013,-0.43734526477188645,0.01716525149457453,-0.4709998987021796,-0.4036906308415933,3588,Mental Health
MEPS,K6SUM_scaled,K6 (0-6),50-59,2014,-0.4334899238867715,0.019320049721262042,-0.4713704825983979,-0.3956093651751451,3287,Mental Health
MEPS,K6SUM_scaled,K6 (0-6),50-59,2015,-0.41968784085864796,0.017718762123998217,-0.4544279525353871,-0.38494772918190884,3513,Mental Health
MEPS,K6SUM_scaled,K6 (0-6),50-59,2016,-0.41462654559922457,0.021145721347840325,-0.4560866089874921,-0.37316648221095705,3301,Mental Health
MEPS,K6SUM_scaled,K6 (0-6),50-59,2017,-0.44071039565668463,0.01918761310739097,-0.478331633823758,-0.40308915748961127,3207,Mental Health
MEPS,K6SUM_scaled,K6 (0-6),50-59,2018,-0.4488431030567881,0.017256181314398284,-0.482678767601449,-0.4150074385121272,2892,Mental Health
MEPS,K6SUM_scaled,K6 (0-6),50-59,2019,-0.45545345741679316,0.01969863052142005,-0.4940795933481031,-0.41682732148548324,2669,Mental Health
MEPS,K6SUM_scaled,K6 (0-6),50-59,2020,-0.38669084673083415,0.028153521514829635,-0.4419020054055302,-0.3314796880561381,2139,Mental Health
MEPS,K6SUM_scaled,K6 (0-6),50-59,2021,-0.38909587376650967,0.027015065504167202,-0.44207335182436985,-0.33611839570864943,2219,Mental Health
MEPS,K6SUM_scaled,K6 (0-6),50-59,2022,-0.357661209870037,0.027198365400894257,-0.41100948390448555,-0.3043129358355885,1598,Mental Health
MEPS,K6SUM_scaled,K6 (0-6),50-59,2023,-0.38171984812939896,0.03161377455031736,-0.4437359817119452,-0.3197037145468527,1385,Mental Health
MEPS,K6SUM_scaled,K6 (0-6),60-69,2007,-0.43744096535786947,0.022734623078908854,-0.48202704429530996,-0.392854886420429,1998,Mental Health
MEPS,K6SUM_scaled,K6 (0-6),60-69,2008,-0.4249891056251795,0.02069406940127906,-0.4655723063956442,-0.3844059048547148,2086,Mental Health
MEPS,K6SUM_scaled,K6 (0-6),60-69,2009,-0.44280549573119427,0.019600551585163092,-0.4812416756769315,-0.40436931578545704,2351,Mental Health
MEPS,K6SUM_scaled,K6 (0-6),60-69,2010,-0.4326556869637479,0.021524211734647566,-0.47486509287318557,-0.39044628105431023,2250,Mental Health
MEPS,K6SUM_scaled,K6 (0-6),60-69,2011,-0.4399455156322829,0.02247857811979103,-0.4840242838185085,-0.3958667474460573,2476,Mental Health
MEPS,K6SUM_scaled,K6 (0-6),60-69,2012,-0.43128334943128926,0.01977343863176404,-0.47005521804860767,-0.39251148081397086,2822,Mental Health
MEPS,K6SUM_scaled,K6 (0-6),60-69,2013,-0.38704603038063723,0.025491628100845334,-0.43703171608267666,-0.3370603446785978,2631,Mental Health
MEPS,K6SUM_scaled,K6 (0-6),60-69,2014,-0.4409626518058517,0.019868060989948554,-0.4799231742533403,-0.4020021293583631,2379,Mental Health
MEPS,K6SUM_scaled,K6 (0-6),60-69,2015,-0.43043329261167673,0.02191580223185386,-0.473408157519899,-0.38745842770345446,2517,Mental Health
MEPS,K6SUM_scaled,K6 (0-6),60-69,2016,-0.4142825084552699,0.03622718236737043,-0.4853197423837302,-0.34324527452680964,2587,Mental Health
MEPS,K6SUM_scaled,K6 (0-6),60-69,2017,-0.4854461951435013,0.02175592782758476,-0.5281057446068685,-0.442786645680134,2761,Mental Health
MEPS,K6SUM_scaled,K6 (0-6),60-69,2018,-0.4377375172206969,0.020246747225307057,-0.47743745801183307,-0.3980375764295608,2821,Mental Health
MEPS,K6SUM_scaled,K6 (0-6),60-69,2019,-0.45861086679584556,0.01810334677260808,-0.49410852980249353,-0.4231132037891976,2729,Mental Health
MEPS,K6SUM_scaled,K6 (0-6),60-69,2020,-0.4260851519222098,0.022506663043965126,-0.47021862344990467,-0.38195168039451494,2519,Mental Health
MEPS,K6SUM_scaled,K6 (0-6),60-69,2021,-0.42586149919344607,0.020863084309414588,-0.4667704244906214,-0.3849525738962708,2748,Mental Health
MEPS,K6SUM_scaled,K6 (0-6),60-69,2022,-0.44811651346655823,0.024789729561167383,-0.4967325342815878,-0.3995004926515287,2028,Mental Health
MEPS,K6SUM_scaled,K6 (0-6),60-69,2023,-0.4732504798406973,0.026968242591080528,-0.5261418679109316,-0.42035909177046293,1852,Mental Health
MEPS,K6SUM_scaled,K6 (0-6),70-79,2007,-0.47757539761220424,0.02451754397453783,-0.5256776206382663,-0.42947317458614215,1197,Mental Health
MEPS,K6SUM_scaled,K6 (0-6),70-79,2008,-0.46198147639028075,0.02609368747792754,-0.5131760159387428,-0.41078693684181866,1197,Mental Health
MEPS,K6SUM_scaled,K6 (0-6),70-79,2009,-0.4072741627744182,0.02995998525470843,-0.46605152204170114,-0.34849680350713524,1253,Mental Health
MEPS,K6SUM_scaled,K6 (0-6),70-79,2010,-0.43987133489393504,0.030354686176718118,-0.49942369564931327,-0.3803189741385568,1239,Mental Health
MEPS,K6SUM_scaled,K6 (0-6),70-79,2011,-0.471930548242691,0.03237929885249775,-0.5354511400591073,-0.40840995642627465,1320,Mental Health
MEPS,K6SUM_scaled,K6 (0-6),70-79,2012,-0.4562497950988389,0.027208601304803005,-0.5096231668938874,-0.40287642330379037,1422,Mental Health
MEPS,K6SUM_scaled,K6 (0-6),70-79,2013,-0.4391200002805997,0.042379363466930234,-0.5222619552130576,-0.35597804534814187,1261,Mental Health
MEPS,K6SUM_scaled,K6 (0-6),70-79,2014,-0.4248991397529923,0.02808959136164981,-0.4800066209351627,-0.36979165857082186,1263,Mental Health
MEPS,K6SUM_scaled,K6 (0-6),70-79,2015,-0.4245500688264303,0.035908205940911375,-0.4949890679948836,-0.354111069657977,1418,Mental Health
MEPS,K6SUM_scaled,K6 (0-6),70-79,2016,-0.41577806554503216,0.04014061217194941,-0.494514262833946,-0.3370418682561183,1538,Mental Health
MEPS,K6SUM_scaled,K6 (0-6),70-79,2017,-0.4782881433012753,0.02493946876065904,-0.5272037612332895,-0.4293725253692611,1686,Mental Health
MEPS,K6SUM_scaled,K6 (0-6),70-79,2018,-0.45935505112950625,0.03097066521110682,-0.520095627919704,-0.3986144743393086,1878,Mental Health
MEPS,K6SUM_scaled,K6 (0-6),70-79,2019,-0.46219421730058896,0.029681528286483527,-0.5204077854470723,-0.40398064915410553,1816,Mental Health
MEPS,K6SUM_scaled,K6 (0-6),70-79,2020,-0.45525855805705784,0.026271343247916464,-0.5067835789440328,-0.40373353717008287,1829,Mental Health
MEPS,K6SUM_scaled,K6 (0-6),70-79,2021,-0.4878146679895707,0.02357698167657124,-0.5340501167583703,-0.44157921922077104,2204,Mental Health
MEPS,K6SUM_scaled,K6 (0-6),70-79,2022,-0.3925079150847539,0.04870230511710564,-0.4880335677387014,-0.29698226243080644,1633,Mental Health
MEPS,K6SUM_scaled,K6 (0-6),70-79,2023,-0.4266644506248946,0.032113762295432384,-0.4896601146061638,-0.3636687866436254,1418,Mental Health
MEPS,K6SUM_scaled,K6 (0-6),80-89,2007,-0.42713724774902156,0.026020410033017593,-0.4782273831682272,-0.3760471123298159,681,Mental Health
MEPS,K6SUM_scaled,K6 (0-6),80-89,2008,-0.45017410118465473,0.03749543204458509,-0.5238019582652601,-0.37654624410404947,647,Mental Health
MEPS,K6SUM_scaled,K6 (0-6),80-89,2009,-0.4643684025580358,0.030082402000164404,-0.523421650444367,-0.40531515467170476,772,Mental Health
MEPS,K6SUM_scaled,K6 (0-6),80-89,2010,-0.41585935281878555,0.025819649405987112,-0.4665467337436736,-0.3651719718938975,752,Mental Health
MEPS,K6SUM_scaled,K6 (0-6),80-89,2011,-0.4716317020461143,0.027873298851523533,-0.5263496192631759,-0.4169137848290528,761,Mental Health
MEPS,K6SUM_scaled,K6 (0-6),80-89,2012,-0.4186803817786073,0.024662019034938955,-0.4670911255883117,-0.3702696379689029,793,Mental Health
MEPS,K6SUM_scaled,K6 (0-6),80-89,2013,-0.3871119461892395,0.03539028252411676,-0.45659715696698444,-0.31762673541149455,694,Mental Health
MEPS,K6SUM_scaled,K6 (0-6),80-89,2014,-0.4224222734178472,0.037814090175190045,-0.4966712591703922,-0.3481732876653022,669,Mental Health
MEPS,K6SUM_scaled,K6 (0-6),80-89,2015,-0.35277010952789034,0.03718471274332247,-0.42576363795715416,-0.2797765810986265,785,Mental Health
MEPS,K6SUM_scaled,K6 (0-6),80-89,2016,-0.3725582840576224,0.05067799469033097,-0.4720305572663025,-0.27308601084894235,831,Mental Health
MEPS,K6SUM_scaled,K6 (0-6),80-89,2017,-0.3881628656878247,0.03533313199282142,-0.45751505800626635,-0.3188106733693831,837,Mental Health
MEPS,K6SUM_scaled,K6 (0-6),80-89,2018,-0.3787631993415894,0.03371900065937428,-0.4449394371698054,-0.3125869615133734,910,Mental Health
MEPS,K6SUM_scaled,K6 (0-6),80-89,2019,-0.5020571849667502,0.03242131058892031,-0.5656959475876003,-0.4384184223459001,820,Mental Health
MEPS,K6SUM_scaled,K6 (0-6),80-89,2020,-0.3851332760941716,0.028448770758122573,-0.4409790575782048,-0.3292874946101384,777,Mental Health
MEPS,K6SUM_scaled,K6 (0-6),80-89,2021,-0.45088653279295643,0.03914329187131292,-0.5277084893606864,-0.3740645762252265,909,Mental Health
MEPS,K6SUM_scaled,K6 (0-6),80-89,2022,-0.4161804710116161,0.041860549204280915,-0.49836794858734706,-0.33399299343588507,701,Mental Health
MEPS,K6SUM_scaled,K6 (0-6),80-89,2023,-0.49410320141760383,0.04029783225013564,-0.5732330712181556,-0.4149733316170521,651,Mental Health
MEPS,ADPALS,Physical Limitation (0-4),18-29,2007,-0.38307764284453283,0.023401887408488968,-0.42895898364847646,-0.3371963020405892,3836,Physical Health Limitations
MEPS,ADPALS,Physical Limitation (0-4),18-29,2008,-0.36036666774370957,0.023312257732101476,-0.4060700727659055,-0.3146632627215136,4529,Physical Health Limitations
MEPS,ADPALS,Physical Limitation (0-4),18-29,2009,-0.3690818763260808,0.02496170309469972,-0.41801777324986916,-0.3201459794022924,4997,Physical Health Limitations
MEPS,ADPALS,Physical Limitation (0-4),18-29,2010,-0.35840274568784547,0.022132698077520836,-0.401794163143067,-0.31501132823262395,4333,Physical Health Limitations
MEPS,ADPALS,Physical Limitation (0-4),18-29,2011,-0.3777460131580737,0.019871406537660126,-0.41670288497701424,-0.3387891413391332,4898,Physical Health Limitations
MEPS,ADPALS,Physical Limitation (0-4),18-29,2012,-0.4345610248539501,0.01943636392938813,-0.4726639062366375,-0.3964581434712627,5553,Physical Health Limitations
MEPS,ADPALS,Physical Limitation (0-4),18-29,2013,-0.3469135584787659,0.023956033703460507,-0.393877693821752,-0.2999494231357799,5090,Physical Health Limitations
MEPS,ADPALS,Physical Limitation (0-4),18-29,2014,-0.36457326033848636,0.027377212645047305,-0.4182460154016646,-0.3109005052753081,4512,Physical Health Limitations
MEPS,ADPALS,Physical Limitation (0-4),18-29,2015,-0.4304041265654514,0.02634999710664283,-0.48206342776965594,-0.3787448253612468,4388,Physical Health Limitations
MEPS,ADPALS,Physical Limitation (0-4),18-29,2016,-0.3814775072352119,0.02696559314421975,-0.4343442472283634,-0.32861076724206034,4226,Physical Health Limitations
MEPS,ADPALS,Physical Limitation (0-4),18-29,2017,-0.46080498539448805,0.04703057240026785,-0.5530131986801157,-0.3685967721088604,3724,Physical Health Limitations
MEPS,ADPALS,Physical Limitation (0-4),18-29,2018,-0.5123184837994031,0.043185314820014566,-0.5969925367260885,-0.42764443087271775,3166,Physical Health Limitations
MEPS,ADPALS,Physical Limitation (0-4),18-29,2019,-0.6008409724664564,0.03677076184628865,-0.6729425081544168,-0.5287394367784961,2715,Physical Health Limitations
MEPS,ADPALS,Physical Limitation (0-4),18-29,2020,-0.5123577056050823,0.04395599520198077,-0.5985707884629152,-0.42614462274724946,1715,Physical Health Limitations
MEPS,ADPALS,Physical Limitation (0-4),18-29,2021,-0.5073989341425577,0.04174291860950849,-0.5892662296912089,-0.42553163859390647,1883,Physical Health Limitations
MEPS,ADPALS,Physical Limitation (0-4),18-29,2022,-0.48003639794569286,0.04314316292381278,-0.5646802515383138,-0.3953925443530719,1210,Physical Health Limitations
MEPS,ADPALS,Physical Limitation (0-4),18-29,2023,-0.4743767457397759,0.08823850372929837,-0.6475206189673473,-0.3012328725122046,1052,Physical Health Limitations
MEPS,ADPALS,Physical Limitation (0-4),30-39,2007,-0.3791219933430889,0.022928294189957094,-0.42407621910518656,-0.33416776758099115,3491,Physical Health Limitations
MEPS,ADPALS,Physical Limitation (0-4),30-39,2008,-0.3727254205516888,0.020781022595545172,-0.41346836546416005,-0.3319824756392175,3828,Physical Health Limitations
MEPS,ADPALS,Physical Limitation (0-4),30-39,2009,-0.4058527532104406,0.01924027998212811,-0.4435735482017519,-0.36813195821912936,4334,Physical Health Limitations
MEPS,ADPALS,Physical Limitation (0-4),30-39,2010,-0.4042461736860071,0.019202763293201114,-0.44189480520696933,-0.3665975421650449,3829,Physical Health Limitations
MEPS,ADPALS,Physical Limitation (0-4),30-39,2011,-0.3986278036571013,0.02014417281314785,-0.4381213728937884,-0.35913423442041426,4082,Physical Health Limitations
MEPS,ADPALS,Physical Limitation (0-4),30-39,2012,-0.4007844644213534,0.020034526718582264,-0.4400616168397294,-0.3615073120029774,4662,Physical Health Limitations
MEPS,ADPALS,Physical Limitation (0-4),30-39,2013,-0.4331819195902985,0.020656322643586453,-0.4736790203670287,-0.3926848188135683,4282,Physical Health Limitations
MEPS,ADPALS,Physical Limitation (0-4),30-39,2014,-0.38763725120229003,0.022965551591099396,-0.4326626949131702,-0.34261180749140985,3954,Physical Health Limitations
MEPS,ADPALS,Physical Limitation (0-4),30-39,2015,-0.3759055624229659,0.020274671818782303,-0.41565531384643895,-0.3361558109994929,3970,Physical Health Limitations
MEPS,ADPALS,Physical Limitation (0-4),30-39,2016,-0.41998877708168275,0.02393172101028043,-0.46690878175584083,-0.37306877240752473,3867,Physical Health Limitations
MEPS,ADPALS,Physical Limitation (0-4),30-39,2017,-0.5232200425835151,0.028171151717974036,-0.5784535153146236,-0.4679865698524065,3515,Physical Health Limitations
MEPS,ADPALS,Physical Limitation (0-4),30-39,2018,-0.5453526428607309,0.026299367903600143,-0.596917731679904,-0.4937875540415579,3240,Physical Health Limitations
MEPS,ADPALS,Physical Limitation (0-4),30-39,2019,-0.49820758063630105,0.039263394740401455,-0.5751958192186922,-0.42121934205390976,2792,Physical Health Limitations
MEPS,ADPALS,Physical Limitation (0-4),30-39,2020,-0.5602264713168067,0.029457000596200624,-0.6179962504996481,-0.5024566921339653,1993,Physical Health Limitations
MEPS,ADPALS,Physical Limitation (0-4),30-39,2021,-0.5100690966355059,0.047117363941622026,-0.6024711759680947,-0.4176670173029171,2083,Physical Health Limitations
MEPS,ADPALS,Physical Limitation (0-4),30-39,2022,-0.46474791696083095,0.04389366647106606,-0.5508475352799524,-0.37864829864170946,1499,Physical Health Limitations
MEPS,ADPALS,Physical Limitation (0-4),30-39,2023,-0.37880814456563794,0.04686481396110176,-0.4707438562648544,-0.2868724328664215,1353,Physical Health Limitations
MEPS,ADPALS,Physical Limitation (0-4),40-49,2007,-0.44465880949593023,0.019006424493427976,-0.4819230402169763,-0.40739457877488416,3662,Physical Health Limitations
MEPS,ADPALS,Physical Limitation (0-4),40-49,2008,-0.47522375224088115,0.01685401904688228,-0.508267212230492,-0.4421802922512703,3927,Physical Health Limitations
MEPS,ADPALS,Physical Limitation (0-4),40-49,2009,-0.4668002399109856,0.015904256731117138,-0.4979805874446259,-0.43561989237734533,4402,Physical Health Limitations
MEPS,ADPALS,Physical Limitation (0-4),40-49,2010,-0.47713320083730437,0.016257812979420264,-0.5090079546980647,-0.44525844697654404,3850,Physical Health Limitations
MEPS,ADPALS,Physical Limitation (0-4),40-49,2011,-0.434314064035871,0.017511867097928808,-0.46864706092207714,-0.3999810671496648,4010,Physical Health Limitations
MEPS,ADPALS,Physical Limitation (0-4),40-49,2012,-0.45933190136066376,0.015885699826372952,-0.4904758042293365,-0.428187998491991,4435,Physical Health Limitations
MEPS,ADPALS,Physical Limitation (0-4),40-49,2013,-0.45686344325529316,0.017398974236163798,-0.4909750842724828,-0.4227518022381035,4019,Physical Health Limitations
MEPS,ADPALS,Physical Limitation (0-4),40-49,2014,-0.43805383637090545,0.019028304309537128,-0.4753613187348025,-0.4007463540070085,3560,Physical Health Limitations
MEPS,ADPALS,Physical Limitation (0-4),40-49,2015,-0.4245180654928828,0.021583637050734083,-0.46683529178452127,-0.38220083920124437,3641,Physical Health Limitations
MEPS,ADPALS,Physical Limitation (0-4),40-49,2016,-0.4310941392970881,0.01849043162091723,-0.46734662342417227,-0.39484165517000397,3688,Physical Health Limitations
MEPS,ADPALS,Physical Limitation (0-4),40-49,2017,-0.5107520928775962,0.02735291481330844,-0.5643819856297707,-0.4571222001254216,3389,Physical Health Limitations
MEPS,ADPALS,Physical Limitation (0-4),40-49,2018,-0.5429802718800997,0.021978075651567036,-0.5860741896206295,-0.4998863541395699,2952,Physical Health Limitations
MEPS,ADPALS,Physical Limitation (0-4),40-49,2019,-0.5179360455548613,0.0212455945519224,-0.559595460145402,-0.4762766309643206,2682,Physical Health Limitations
MEPS,ADPALS,Physical Limitation (0-4),40-49,2020,-0.5643795342566602,0.02674981437331931,-0.6168403406458582,-0.5119187278674622,1978,Physical Health Limitations
MEPS,ADPALS,Physical Limitation (0-4),40-49,2021,-0.5173223425761581,0.030732816289970207,-0.5775930020735429,-0.4570516830787732,2060,Physical Health Limitations
MEPS,ADPALS,Physical Limitation (0-4),40-49,2022,-0.519619102224982,0.033433498168996816,-0.5852039326314878,-0.4540342718184761,1410,Physical Health Limitations
MEPS,ADPALS,Physical Limitation (0-4),40-49,2023,-0.4263846970462611,0.03878086694046301,-0.502466536708842,-0.35030285738368017,1268,Physical Health Limitations
MEPS,ADPALS,Physical Limitation (0-4),50-59,2007,-0.48125072761341353,0.015310742925592253,-0.5112701271356287,-0.45123132809119837,3337,Physical Health Limitations
MEPS,ADPALS,Physical Limitation (0-4),50-59,2008,-0.47039766232250774,0.015940588319022602,-0.5016514124515452,-0.43914391219347026,3514,Physical Health Limitations
MEPS,ADPALS,Physical Limitation (0-4),50-59,2009,-0.4794294045442452,0.013327924078599184,-0.505559509413204,-0.4532992996752863,4029,Physical Health Limitations
MEPS,ADPALS,Physical Limitation (0-4),50-59,2010,-0.50353287763987,0.014248996628299102,-0.5314696440831443,-0.47559611119659556,3659,Physical Health Limitations
MEPS,ADPALS,Physical Limitation (0-4),50-59,2011,-0.4834781579311303,0.014374097056148944,-0.5116596098140509,-0.45529670604820976,3905,Physical Health Limitations
MEPS,ADPALS,Physical Limitation (0-4),50-59,2012,-0.48291499039127994,0.014303323735173115,-0.5109567796798882,-0.4548732011026717,4359,Physical Health Limitations
MEPS,ADPALS,Physical Limitation (0-4),50-59,2013,-0.508894607990545,0.014317110503097601,-0.5369642409329722,-0.48082497504811766,3947,Physical Health Limitations
MEPS,ADPALS,Physical Limitation (0-4),50-59,2014,-0.47197374920257934,0.016518248606728236,-0.504359492849243,-0.43958800555591576,3710,Physical Health Limitations
MEPS,ADPALS,Physical Limitation (0-4),50-59,2015,-0.4853454093931054,0.015546480716833632,-0.5158255091558083,-0.45486530963040256,3862,Physical Health Limitations
MEPS,ADPALS,Physical Limitation (0-4),50-59,2016,-0.47283132140536344,0.015600066992802704,-0.5034168156391398,-0.44224582717158717,3732,Physical Health Limitations
MEPS,ADPALS,Physical Limitation (0-4),50-59,2017,-0.5234117365898703,0.015351712207838427,-0.5535109365344457,-0.49331253664529484,3506,Physical Health Limitations
MEPS,ADPALS,Physical Limitation (0-4),50-59,2018,-0.5387909933741095,0.016334057438701692,-0.5708172901474594,-0.5067646966007596,3197,Physical Health Limitations
MEPS,ADPALS,Physical Limitation (0-4),50-59,2019,-0.5305371686286646,0.017818650205475784,-0.565475509068744,-0.4955988281885852,2933,Physical Health Limitations
MEPS,ADPALS,Physical Limitation (0-4),50-59,2020,-0.5278371105232725,0.019501959391647485,-0.566079911825424,-0.489594309221121,2356,Physical Health Limitations
MEPS,ADPALS,Physical Limitation (0-4),50-59,2021,-0.5194616090169389,0.024962283023954045,-0.5684113377681393,-0.47051188026573854,2415,Physical Health Limitations
MEPS,ADPALS,Physical Limitation (0-4),50-59,2022,-0.4906277839957471,0.02466055581331752,-0.5389948850809317,-0.4422606829105624,1760,Physical Health Limitations
MEPS,ADPALS,Physical Limitation (0-4),50-59,2023,-0.5198644350107223,0.024881762844986683,-0.5686704539269719,-0.47105841609447274,1530,Physical Health Limitations
MEPS,ADPALS,Physical Limitation (0-4),60-69,2007,-0.47468581100369484,0.017091389180951176,-0.508202542453913,-0.4411690795534766,2228,Physical Health Limitations
MEPS,ADPALS,Physical Limitation (0-4),60-69,2008,-0.46438570607448193,0.017419012749582796,-0.4985443664053422,-0.43022704574362164,2296,Physical Health Limitations
MEPS,ADPALS,Physical Limitation (0-4),60-69,2009,-0.486549702452063,0.01649090824946168,-0.5188859692530342,-0.4542134356510919,2668,Physical Health Limitations
MEPS,ADPALS,Physical Limitation (0-4),60-69,2010,-0.5047065839282417,0.017060168419819766,-0.5381599928016143,-0.4712531750548692,2518,Physical Health Limitations
MEPS,ADPALS,Physical Limitation (0-4),60-69,2011,-0.4657990242437008,0.017490167242983388,-0.5000942992629297,-0.4315037492244719,2737,Physical Health Limitations
MEPS,ADPALS,Physical Limitation (0-4),60-69,2012,-0.4600303344784811,0.020138262839834397,-0.4995158586070292,-0.42054481034993296,3135,Physical Health Limitations
MEPS,ADPALS,Physical Limitation (0-4),60-69,2013,-0.4565060043842103,0.01616110309247169,-0.4881941901580223,-0.4248178186103983,2951,Physical Health Limitations
MEPS,ADPALS,Physical Limitation (0-4),60-69,2014,-0.45356981234439375,0.01679515344392402,-0.4865024059027533,-0.4206372187860342,2714,Physical Health Limitations
MEPS,ADPALS,Physical Limitation (0-4),60-69,2015,-0.4738676450517217,0.016595162323536486,-0.5064077073727202,-0.44132758273072314,2787,Physical Health Limitations
MEPS,ADPALS,Physical Limitation (0-4),60-69,2016,-0.49383173581351025,0.01511959679486853,-0.5234777233591608,-0.46418574826785974,2962,Physical Health Limitations
MEPS,ADPALS,Physical Limitation (0-4),60-69,2017,-0.5312968113566928,0.015555717257211329,-0.5617975409792363,-0.5007960817341494,3057,Physical Health Limitations
MEPS,ADPALS,Physical Limitation (0-4),60-69,2018,-0.5075480162468964,0.016630186011606488,-0.5401550553849965,-0.47494097710879624,3166,Physical Health Limitations
MEPS,ADPALS,Physical Limitation (0-4),60-69,2019,-0.5053074903861294,0.01472772468182053,-0.5341847787646882,-0.4764302020075707,3047,Physical Health Limitations
MEPS,ADPALS,Physical Limitation (0-4),60-69,2020,-0.5008674355070141,0.016064682532048284,-0.5323672901476367,-0.4693675808663914,2794,Physical Health Limitations
MEPS,ADPALS,Physical Limitation (0-4),60-69,2021,-0.5280627935726491,0.015600809886171907,-0.5586521727826892,-0.497473414362609,2999,Physical Health Limitations
MEPS,ADPALS,Physical Limitation (0-4),60-69,2022,-0.4905972653430346,0.021233879831976863,-0.5322372154081502,-0.448957315277919,2261,Physical Health Limitations
MEPS,ADPALS,Physical Limitation (0-4),60-69,2023,-0.5199143051918395,0.02047988673668881,-0.5600783671580297,-0.4797502432256492,2009,Physical Health Limitations
MEPS,ADPALS,Physical Limitation (0-4),70-79,2007,-0.4590332870385529,0.02298674771341694,-0.5041264688272815,-0.4139401052498243,1367,Physical Health Limitations
MEPS,ADPALS,Physical Limitation (0-4),70-79,2008,-0.4316073382012294,0.020745145296137118,-0.47230391722348175,-0.390910759178977,1339,Physical Health Limitations
MEPS,ADPALS,Physical Limitation (0-4),70-79,2009,-0.4100736906581586,0.021697331691680415,-0.45263606014837715,-0.36751132116794,1418,Physical Health Limitations
MEPS,ADPALS,Physical Limitation (0-4),70-79,2010,-0.49773314884069836,0.020508516515758704,-0.5379641338360738,-0.4575021638453229,1392,Physical Health Limitations
MEPS,ADPALS,Physical Limitation (0-4),70-79,2011,-0.44688941286857364,0.0223167462066841,-0.49066463650527636,-0.4031141892318709,1507,Physical Health Limitations
MEPS,ADPALS,Physical Limitation (0-4),70-79,2012,-0.44091398456741865,0.024461384052808125,-0.4888938939803053,-0.392934075154532,1594,Physical Health Limitations
MEPS,ADPALS,Physical Limitation (0-4),70-79,2013,-0.4452690593934818,0.02492422356526429,-0.49416087760545657,-0.3963772411815071,1437,Physical Health Limitations
MEPS,ADPALS,Physical Limitation (0-4),70-79,2014,-0.4634674945331454,0.020080184751252332,-0.5028572262194881,-0.4240777628468027,1434,Physical Health Limitations
MEPS,ADPALS,Physical Limitation (0-4),70-79,2015,-0.43379252131250323,0.019135834678756868,-0.47132678462700617,-0.3962582579980003,1584,Physical Health Limitations
MEPS,ADPALS,Physical Limitation (0-4),70-79,2016,-0.4152461007651307,0.01988930879347998,-0.4542557692017245,-0.37623643232853693,1729,Physical Health Limitations
MEPS,ADPALS,Physical Limitation (0-4),70-79,2017,-0.5138080075911141,0.018060751638647652,-0.5492289233898237,-0.4783870917924045,1908,Physical Health Limitations
MEPS,ADPALS,Physical Limitation (0-4),70-79,2018,-0.49660783396648334,0.017258276786939527,-0.5304529139751153,-0.4627627539578514,2105,Physical Health Limitations
MEPS,ADPALS,Physical Limitation (0-4),70-79,2019,-0.4802692501016981,0.018394622125294958,-0.516343273171945,-0.4441952270314512,2059,Physical Health Limitations
MEPS,ADPALS,Physical Limitation (0-4),70-79,2020,-0.49279901246853436,0.01712335225529076,-0.5263800026079849,-0.4592180223290838,2051,Physical Health Limitations
MEPS,ADPALS,Physical Limitation (0-4),70-79,2021,-0.5005117142350808,0.017038504147244525,-0.5339233487620547,-0.46710007970810685,2412,Physical Health Limitations
MEPS,ADPALS,Physical Limitation (0-4),70-79,2022,-0.4881274851564512,0.020870183094689944,-0.5290595582894188,-0.4471954120234837,1819,Physical Health Limitations
MEPS,ADPALS,Physical Limitation (0-4),70-79,2023,-0.449023241838047,0.020916919111565645,-0.49005096008477333,-0.40799552359132063,1588,Physical Health Limitations
MEPS,ADPALS,Physical Limitation (0-4),80-89,2007,-0.4054816990604717,0.0254802127025994,-0.4554942320339614,-0.3554691660869821,840,Physical Health Limitations
MEPS,ADPALS,Physical Limitation (0-4),80-89,2008,-0.43632816206372227,0.02736003733722182,-0.4900359755577517,-0.38262034856969285,784,Physical Health Limitations
MEPS,ADPALS,Physical Limitation (0-4),80-89,2009,-0.47259570010041657,0.0248500194069556,-0.5213651432248774,-0.4238262569759557,920,Physical Health Limitations
MEPS,ADPALS,Physical Limitation (0-4),80-89,2010,-0.42305268002143076,0.026629362192631675,-0.47531626581295666,-0.37078909422990486,893,Physical Health Limitations
MEPS,ADPALS,Physical Limitation (0-4),80-89,2011,-0.4263040647422847,0.02430963527416339,-0.47401402242896284,-0.3785941070556066,905,Physical Health Limitations
MEPS,ADPALS,Physical Limitation (0-4),80-89,2012,-0.42421150979276573,0.024289345942577943,-0.4718797236453479,-0.3765432959401836,933,Physical Health Limitations
MEPS,ADPALS,Physical Limitation (0-4),80-89,2013,-0.3609969361187537,0.028045037229711085,-0.4160433255743735,-0.3059505466631339,844,Physical Health Limitations
MEPS,ADPALS,Physical Limitation (0-4),80-89,2014,-0.36301451381196,0.02730316349413852,-0.41660616356695884,-0.3094228640569611,829,Physical Health Limitations
MEPS,ADPALS,Physical Limitation (0-4),80-89,2015,-0.3736805424459133,0.026105845754563775,-0.42491424306994285,-0.32244684182188377,925,Physical Health Limitations
MEPS,ADPALS,Physical Limitation (0-4),80-89,2016,-0.38173744383789904,0.026300144863739595,-0.4333481983345474,-0.3301266893412507,987,Physical Health Limitations
MEPS,ADPALS,Physical Limitation (0-4),80-89,2017,-0.39705659234544577,0.0254793537379014,-0.4470562741893508,-0.34705691050154075,993,Physical Health Limitations
MEPS,ADPALS,Physical Limitation (0-4),80-89,2018,-0.4237695748679509,0.022474938735861788,-0.46786948281540164,-0.3796696669205002,1073,Physical Health Limitations
MEPS,ADPALS,Physical Limitation (0-4),80-89,2019,-0.4544617684573207,0.0247541998886638,-0.503038079436246,-0.40588545747839544,999,Physical Health Limitations
MEPS,ADPALS,Physical Limitation (0-4),80-89,2020,-0.3896949296915908,0.022282983208911457,-0.4334256871239064,-0.3459641722592752,932,Physical Health Limitations
MEPS,ADPALS,Physical Limitation (0-4),80-89,2021,-0.4420390049573762,0.02559992537890872,-0.4922721177315318,-0.3918058921832206,1047,Physical Health Limitations
MEPS,ADPALS,Physical Limitation (0-4),80-89,2022,-0.44529047807280575,0.028012567888310184,-0.5002759605125187,-0.3903049956330929,815,Physical Health Limitations
MEPS,ADPALS,Physical Limitation (0-4),80-89,2023,-0.4829956099854744,0.028490408810805095,-0.5389280149530475,-0.4270632050179013,736,Physical Health Limitations
