"dataset","year","stratum","beta_age","se","p_value","n"
"BRFSS",1993,"NH-White",-0.0171354751668951,0.000290216276053826,0,83181
"BRFSS",1993,"NH-Black",-0.020043749507683,0.000985452914536265,5.0927216942367e-90,9311
"BRFSS",1993,"NH-AIAN",-0.0118379738371609,0.00308964110490942,0.000134248626554517,1152
"BRFSS",1993,"NH-Asian/PI",-0.00866873263544908,0.00298526990357133,0.00374868862975096,1298
"BRFSS",1993,"Hispanic",-0.0142902254215279,0.00154456208409656,3.12066150197489e-20,5336
"BRFSS",1993,"Other",-0.0166463117759594,0.00258252918441366,1.63089292028378e-10,1270
"BRFSS",1994,"NH-White",-0.0163184210998673,0.000303035638788952,0,86192
"BRFSS",1994,"NH-Black",-0.0213623955259277,0.000959670867387745,4.56643704675814e-107,9567
"BRFSS",1994,"NH-AIAN",-0.0112179008862926,0.00283280680980587,7.91690997153777e-05,1255
"BRFSS",1994,"NH-Asian/PI",-0.00855849793412019,0.00236097457628091,0.000299415634694048,1391
"BRFSS",1994,"Hispanic",-0.0136589925434751,0.0015853069258224,9.0020632893521e-18,5372
"BRFSS",1994,"Other",-0.0161333701729749,0.00321362814722951,5.82650348576733e-07,1393
"BRFSS",1995,"NH-White",-0.0163307396054944,0.000309616507407155,0,93211
"BRFSS",1995,"NH-Black",-0.0218906495810989,0.00093696093742148,2.29010901838261e-117,9311
"BRFSS",1995,"NH-AIAN",-0.0172381252471656,0.00308887821642598,2.8804816546822e-08,1380
"BRFSS",1995,"NH-Asian/PI",-0.0107564924910985,0.00358228904193322,0.00272025307317087,1505
"BRFSS",1995,"Hispanic",-0.0134028368523362,0.00135107015444845,5.03036541372501e-23,6252
"BRFSS",1995,"Other",-0.0185467307334541,0.00229172755279405,1.13527113982681e-15,1615
"BRFSS",1996,"NH-White",-0.0150176176447017,0.000270728215809215,0,99818
"BRFSS",1996,"NH-Black",-0.0202213694988575,0.000979121561915607,7.31264714945909e-93,10177
"BRFSS",1996,"NH-AIAN",-0.016231989640458,0.00345435341561762,2.88619373900133e-06,1330
"BRFSS",1996,"NH-Asian/PI",-0.00738872368955733,0.0024811577930112,0.00293094831769779,2410
"BRFSS",1996,"Hispanic",-0.0141358450591313,0.00116221171330779,9.49685980669314e-34,8283
"BRFSS",1996,"Other",-0.0160696294624437,0.00246891454659383,1.07966764398047e-10,1300
"BRFSS",1997,"NH-White",-0.0153305300562443,0.000264332230274754,0,108271
"BRFSS",1997,"NH-Black",-0.021195136820138,0.000934324130378504,2.0705365094896e-111,11130
"BRFSS",1997,"NH-AIAN",-0.0192592982135143,0.00320351575021074,2.26245660856399e-09,1616
"BRFSS",1997,"NH-Asian/PI",-0.0128453515301161,0.00249460506383693,2.80726095498754e-07,2650
"BRFSS",1997,"Hispanic",-0.0184603934462404,0.0010997436094631,2.5651480647266e-62,9253
"BRFSS",1997,"Other",-0.011602134181968,0.00222488996599054,2.07268199558747e-07,1658
"BRFSS",1998,"NH-White",-0.0152099520834646,0.000267858154996629,0,118093
"BRFSS",1998,"NH-Black",-0.0212993238351523,0.00084385707536443,4.76554755275168e-137,12141
"BRFSS",1998,"NH-AIAN",-0.0136339018126122,0.00341393030570595,6.79277447837282e-05,1656
"BRFSS",1998,"NH-Asian/PI",-0.00798126147408237,0.00253945258716046,0.00169053727814014,2763
"BRFSS",1998,"Hispanic",-0.0152110035323429,0.00109778517338532,2.55647270577058e-43,11771
"BRFSS",1998,"Other",-0.0147867167076443,0.00220450804903718,2.59448298126559e-11,1927
"BRFSS",1999,"NH-White",-0.0148104729867821,0.000263001431819957,0,126176
"BRFSS",1999,"NH-Black",-0.0188744594818749,0.000885114797519358,4.16944784690984e-99,12294
"BRFSS",1999,"NH-AIAN",-0.0132015858450149,0.00283362698631717,3.37150549445025e-06,2173
"BRFSS",1999,"NH-Asian/PI",-0.00941563104943647,0.00245878106769427,0.000131407228312939,2680
"BRFSS",1999,"Hispanic",-0.0157662194279536,0.00113418898427935,1.26351785654879e-43,13294
"BRFSS",1999,"Other",-0.0150259150399252,0.001978062163039,4.56498352136688e-14,2095
"BRFSS",2000,"NH-White",-0.0152933841236908,0.000251163649802845,0,141553
"BRFSS",2000,"NH-Black",-0.0207141248566358,0.000892258974026579,4.93655860306615e-117,14096
"BRFSS",2000,"NH-AIAN",-0.0178727706619094,0.00277767802427298,1.42263619924639e-10,3231
"BRFSS",2000,"NH-Asian/PI",-0.00921003652585609,0.00224112932112105,4.038752499235e-05,4267
"BRFSS",2000,"Hispanic",-0.0163816087920397,0.00102706026643606,7.66052996852518e-57,16320
"BRFSS",2000,"Other",-0.0120420698221023,0.00192007468361897,4.12743960599122e-10,2787
"BRFSS",2001,"NH-White",-0.0153620569167867,0.000225255691378641,0,162305
"BRFSS",2001,"NH-Black",-0.020327941665912,0.0007568770838709,9.74187302623322e-156,17496
"BRFSS",2001,"NH-AIAN",-0.0204914192069996,0.0024443639588522,7.45499923207455e-17,3395
"BRFSS",2001,"NH-Asian/PI",-0.0102840637949056,0.0021033527008015,1.03920736965856e-06,5731
"BRFSS",2001,"Hispanic",-0.0158399369509165,0.00112371668172669,7.0769923447177e-45,17480
"BRFSS",2001,"Other",-0.0201101217301518,0.00146190300595507,4.59715954033714e-42,3836
"BRFSS",2002,"NH-White",-0.0150282915121261,0.000217288282030012,0,192645
"BRFSS",2002,"NH-Black",-0.022101218546319,0.000836005921372102,2.77019711552737e-151,19040
"BRFSS",2002,"NH-AIAN",-0.0129203064096453,0.00292724442637685,1.04393842870893e-05,3793
"BRFSS",2002,"NH-Asian/PI",-0.00874749702510652,0.00207159862819424,2.44571314257729e-05,7014
"BRFSS",2002,"Hispanic",-0.0193419752347655,0.00109550482967564,3.52407530822367e-69,17982
"BRFSS",2002,"Other",-0.0157714902886598,0.00184178867084778,1.52952427823863e-17,4123
"BRFSS",2003,"NH-White",-0.0148544160187553,0.000214859376214785,0,207586
"BRFSS",2003,"NH-Black",-0.0203769015678098,0.000790187489910239,2.24403416607647e-144,20848
"BRFSS",2003,"NH-AIAN",-0.0170713121286671,0.00273351792998697,4.63963731920782e-10,4334
"BRFSS",2003,"NH-Asian/PI",-0.00929470086957363,0.00213123211840328,1.31464300246382e-05,6170
"BRFSS",2003,"Hispanic",-0.0171551085958523,0.00101478115071349,1.17134581588358e-63,19477
"BRFSS",2003,"Other",-0.0141297535088265,0.00149916821337459,7.16756380765915e-21,3888
"BRFSS",2004,"NH-White",-0.0150626294000882,0.000209224392356249,0,238644
"BRFSS",2004,"NH-Black",-0.0210210906550645,0.00074209772905076,6.98106759360178e-174,26088
"BRFSS",2004,"NH-AIAN",-0.0163662341179836,0.00192191785892552,2.17507484350405e-17,4926
"BRFSS",2004,"NH-Asian/PI",-0.0113414683598014,0.00222519748967939,3.62241440033067e-07,3792
"BRFSS",2004,"Hispanic",-0.0144491276969567,0.000977955642957039,3.58869349367831e-49,22881
"BRFSS",2004,"Other",-0.0169009374858239,0.00146813078804568,2.99571071853948e-30,4567
"BRFSS",2005,"NH-White",-0.0142856490481515,0.000198131588258277,0,279956
"BRFSS",2005,"NH-Black",-0.0192818476452904,0.00072150767463598,2.25008004549441e-155,27822
"BRFSS",2005,"NH-AIAN",-0.0191858134777006,0.00243614000797879,3.98435775203255e-15,6149
"BRFSS",2005,"NH-Asian/PI",-0.0149582348324967,0.00155077322257788,6.85732203813445e-22,7546
"BRFSS",2005,"Hispanic",-0.0137736420999454,0.000930998025767939,2.55873361330703e-49,25253
"BRFSS",2005,"Other",-0.014370034333817,0.00155358867592691,3.23653657196184e-20,5120
"BRFSS",2006,"NH-White",-0.0135697820405292,0.000219034629397875,0,277112
"BRFSS",2006,"NH-Black",-0.0198592527218001,0.000717717277448508,2.49437851986842e-166,28603
"BRFSS",2006,"NH-AIAN",-0.0167812245208019,0.00250928048383787,2.49488453313882e-11,5440
"BRFSS",2006,"NH-Asian/PI",-0.0104937456149326,0.00205288236700277,3.27417271949584e-07,7252
"BRFSS",2006,"Hispanic",-0.0161290885968821,0.00104395883422832,1.30433198291887e-53,26133
"BRFSS",2006,"Other",-0.0138322220129134,0.00158949694795687,4.22160951652717e-18,5599
"BRFSS",2007,"NH-White",-0.01355225560878,0.000190204140411294,0,339315
"BRFSS",2007,"NH-Black",-0.019496366999075,0.000697074573191342,3.58492291478244e-170,33388
"BRFSS",2007,"NH-AIAN",-0.0185957544935915,0.00197500815662873,6.3394096209537e-21,6690
"BRFSS",2007,"NH-Asian/PI",-0.0142624973610119,0.00157098202684753,1.34159063793525e-19,8654
"BRFSS",2007,"Hispanic",-0.0153862914211536,0.000886637309710134,3.8565762972007e-67,30978
"BRFSS",2007,"Other",-0.014805705411727,0.00157656146487041,8.01711573530785e-21,6558
"BRFSS",2008,"NH-White",-0.0126543295816849,0.000195863057423069,0,326517
"BRFSS",2008,"NH-Black",-0.0187669253219817,0.000669116570225568,4.67700577738605e-171,32566
"BRFSS",2008,"NH-AIAN",-0.0151966136708577,0.00187593791115866,6.53275437461581e-16,6139
"BRFSS",2008,"NH-Asian/PI",-0.0154818700669419,0.00152714769885814,5.11115212779959e-24,8670
"BRFSS",2008,"Hispanic",-0.018693253031787,0.0008050061954674,3.48652613507498e-118,28483
"BRFSS",2008,"Other",-0.0128652037210472,0.00140743019268506,8.13028995431282e-20,6510
"BRFSS",2009,"NH-White",-0.0129852965917939,0.000188168222929004,0,339626
"BRFSS",2009,"NH-Black",-0.0186630793562826,0.000729923672975719,7.41431848623716e-143,34393
"BRFSS",2009,"NH-AIAN",-0.0155859325334353,0.0016897258290496,3.7981774966669e-20,6504
"BRFSS",2009,"NH-Asian/PI",-0.0110129180848677,0.00130853527195556,4.43510801965579e-17,9756
"BRFSS",2009,"Hispanic",-0.017139050568448,0.000735284879370862,4.14588030851697e-119,29812
"BRFSS",2009,"Other",-0.0150388878966839,0.00151033271432533,3.44247839346351e-23,6449
"BRFSS",2010,"NH-White",-0.0128062369891753,0.000181943411378682,0,351457
"BRFSS",2010,"NH-Black",-0.019235136627943,0.000602916565358838,2.79085906061182e-220,36066
"BRFSS",2010,"NH-AIAN",-0.0146642700703573,0.00182304075438095,1.02403230078911e-15,6604
"BRFSS",2010,"NH-Asian/PI",-0.0154188333871925,0.00122053406996691,2.69846353260708e-36,9628
"BRFSS",2010,"Hispanic",-0.0190601716054481,0.00067797218584107,9.26398593460459e-172,31239
"BRFSS",2010,"Other",-0.0147497302972706,0.00124306992175541,3.3735157313153e-32,7817
"BRFSS",2011,"NH-White",-0.0124160969982611,0.000175382462162969,0,389945
"BRFSS",2011,"NH-Black",-0.0176080493309181,0.000573884075382978,2.30406163893801e-204,40057
"BRFSS",2011,"NH-AIAN",-0.0182301592139813,0.00176449873110965,7.65582959250316e-25,6968
"BRFSS",2011,"NH-Asian/PI",-0.0129833719861926,0.00120442950963179,6.20054951265524e-27,9267
"BRFSS",2011,"Hispanic",-0.0179946100104528,0.000577712209326501,2.29125735356077e-210,38318
"BRFSS",2011,"Other",-0.0160779424439206,0.0009982812285133,6.75684309080433e-58,15746
"BRFSS",2012,"NH-White",-0.0118724417473638,0.000177641326704285,0,361576
"BRFSS",2012,"NH-Black",-0.0178936632019449,0.000617554194375729,1.11729318499928e-182,39491
"BRFSS",2012,"NH-AIAN",-0.0177278385994931,0.00183654339328795,6.60235172444398e-22,6812
"BRFSS",2012,"NH-Asian/PI",-0.0121865553867086,0.00132308142396378,3.95070531718416e-20,9216
"BRFSS",2012,"Hispanic",-0.0178053169104659,0.00061481832560471,2.70295684478943e-182,35670
"BRFSS",2012,"Other",-0.0152862476416272,0.000949652440083718,7.51602100540099e-58,16301
"BRFSS",2013,"NH-White",-0.011344421256787,0.000167532082012991,0,373367
"BRFSS",2013,"NH-Black",-0.0179149318236738,0.000560012723421155,1.20519802322814e-221,38507
"BRFSS",2013,"NH-AIAN",-0.0180037412410162,0.00166839085779056,5.9630330291061e-27,7546
"BRFSS",2013,"NH-Asian/PI",-0.0120031018747279,0.00124052984156097,4.85288822618541e-22,9305
"BRFSS",2013,"Hispanic",-0.0181323900368243,0.000651695175191479,1.29066718209822e-168,36620
"BRFSS",2013,"Other",-0.0133076479285436,0.000842110876047676,7.17204708401494e-56,17726
"BRFSS",2014,"NH-White",-0.0111614426081844,0.000173757935631327,0,356309
"BRFSS",2014,"NH-Black",-0.017410723694957,0.000589569608151345,2.60691492432485e-189,34524
"BRFSS",2014,"NH-AIAN",-0.0163192642450098,0.00156522466963289,2.88238261662971e-25,7002
"BRFSS",2014,"NH-Asian/PI",-0.00878991656884746,0.00123264394088671,1.07323102115546e-12,9062
"BRFSS",2014,"Hispanic",-0.019134536581217,0.000604683217818467,1.01924319059272e-216,35165
"BRFSS",2014,"Other",-0.0150372427279645,0.000925452709410001,6.76333410225211e-59,16026
"BRFSS",2015,"NH-White",-0.01080365546686,0.000178574389376873,0,328144
"BRFSS",2015,"NH-Black",-0.0178266827380982,0.000569798686032096,8.63405765393542e-212,33239
"BRFSS",2015,"NH-AIAN",-0.0174163785160826,0.00155866647633154,1.00588531011304e-28,6424
"BRFSS",2015,"NH-Asian/PI",-0.0101485173292866,0.00122149517761107,1.08853620805125e-16,10685
"BRFSS",2015,"Hispanic",-0.01903876542991,0.000600372878450121,1.46756905692164e-217,34430
"BRFSS",2015,"Other",-0.0128318327474401,0.000878511605635389,5.21563917034332e-48,15993
"BRFSS",2016,"NH-White",-0.01070293172041,0.00017429600908578,0,360268
"BRFSS",2016,"NH-Black",-0.0164132397855935,0.000577217939635808,4.97814084925858e-176,38459
"BRFSS",2016,"NH-AIAN",-0.0150879791645178,0.00144754116276353,2.96958750663889e-25,7018
"BRFSS",2016,"NH-Asian/PI",-0.01251486161555,0.00120523247520526,3.76208128066176e-25,11923
"BRFSS",2016,"Hispanic",-0.0194900525059782,0.000582177404204723,2.63755684616504e-242,39254
"BRFSS",2016,"Other",-0.0127829399375988,0.000843118418313619,1.30002421948943e-51,18487
"BRFSS",2017,"NH-White",-0.00972655174418795,0.000192061361216617,0,338244
"BRFSS",2017,"NH-Black",-0.0164836995990269,0.000571482348540404,7.56764636060496e-181,35390
"BRFSS",2017,"NH-AIAN",-0.0148414299007007,0.00178930042801195,1.26295465947819e-16,8225
"BRFSS",2017,"NH-Asian/PI",-0.00854798710268642,0.00143543379887882,2.69018815145427e-09,9818
"BRFSS",2017,"Hispanic",-0.018129006581416,0.000658852490298471,5.29273958076099e-165,36843
"BRFSS",2017,"Other",-0.0124756388737891,0.00110116736840925,1.2062059740781e-29,16531
"BRFSS",2018,"NH-White",-0.0096601023057958,0.000191192189518943,0,317748
"BRFSS",2018,"NH-Black",-0.0172691802306023,0.000585070194581755,4.31299119650593e-189,34037
"BRFSS",2018,"NH-AIAN",-0.0141735931835093,0.00165673548306569,1.40192222319066e-17,7832
"BRFSS",2018,"NH-Asian/PI",-0.00872313034813097,0.00142927298834635,1.078764193917e-09,9880
"BRFSS",2018,"Hispanic",-0.0188118037233908,0.000670076657620859,1.71719498094476e-171,34557
"BRFSS",2018,"Other",-0.0123682933440351,0.000941097971356888,2.94254937586299e-39,16756
"BRFSS",2019,"NH-White",-0.00912647334114354,0.000179504734076681,0,309455
"BRFSS",2019,"NH-Black",-0.0161706792023823,0.000541776754256082,4.7079696195489e-193,31433
"BRFSS",2019,"NH-AIAN",-0.0133707761050846,0.00168366538065077,2.33835147293137e-15,6481
"BRFSS",2019,"NH-Asian/PI",-0.00797122483608803,0.00122815089640916,9.00799795068595e-11,9065
"BRFSS",2019,"Hispanic",-0.0174579213513574,0.000649449763974878,1.21639169585385e-157,36864
"BRFSS",2019,"Other",-0.0107717937106775,0.000847228645608629,7.17681930205888e-37,17547
"BRFSS",2020,"NH-White",-0.0117391941053279,0.00019680964537569,0,297894
"BRFSS",2020,"NH-Black",-0.0156257159418531,0.000653033152989838,2.34143509270658e-125,30051
"BRFSS",2020,"NH-AIAN",-0.0138972733341517,0.00201327820779567,5.56145637214828e-12,6772
"BRFSS",2020,"NH-Asian/PI",-0.011051212658042,0.00173088066247407,1.79240903504353e-10,10104
"BRFSS",2020,"Hispanic",-0.0186997652186488,0.00075246267349384,3.18628308937053e-135,37155
"BRFSS",2020,"Other",-0.0139336231496874,0.000996141047509283,3.23166541385694e-44,17299
"BRFSS",2021,"NH-White",-0.0102123530006305,0.000203017333740458,0,312636
"BRFSS",2021,"NH-Black",-0.0154497503729438,0.000598891112874235,3.22186147983157e-145,31091
"BRFSS",2021,"NH-AIAN",-0.015268735684161,0.00153937208370431,4.8964360162902e-23,6979
"BRFSS",2021,"NH-Asian/PI",-0.0101000825167683,0.00155345606875165,8.30174105201588e-11,10546
"BRFSS",2021,"Hispanic",-0.0179742093443353,0.000719052837091444,8.81802998740381e-137,37316
"BRFSS",2021,"Other",-0.0134523618267645,0.00087394764854519,3.92520423469237e-53,18443
"BRFSS",2022,"NH-White",-0.00848921415551477,0.000186946031541068,0,320584
"BRFSS",2022,"NH-Black",-0.014581701295394,0.000608545786705793,7.38743753390131e-126,34722
"BRFSS",2022,"NH-AIAN",-0.0128755989807179,0.00230811819517413,2.52297644234639e-08,6652
"BRFSS",2022,"NH-Asian/PI",-0.00803444159130725,0.00116536890627326,5.66168865744925e-12,13005
"BRFSS",2022,"Hispanic",-0.0160876107247433,0.000656153114630636,8.12345466628976e-132,41793
"BRFSS",2022,"Other",-0.012642193990431,0.000974125937898942,2.53814604742329e-38,16119
"BRFSS",2023,"NH-White",-0.00778569154730195,0.000194731170694172,0,311771
"BRFSS",2023,"NH-Black",-0.0137397829313126,0.000596821804630765,2.47163501996092e-116,32196
"BRFSS",2023,"NH-AIAN",-0.0129766359694314,0.00167418015565525,1.04397837414665e-14,6828
"BRFSS",2023,"NH-Asian/PI",-0.00832594790676528,0.00116827597058998,1.08777439014506e-12,11838
"BRFSS",2023,"Hispanic",-0.0143600366641084,0.000638194008631612,1.81173417357388e-111,42633
"BRFSS",2023,"Other",-0.00865190739442614,0.000957302017640012,1.745994881327e-19,19309
"BRFSS",2024,"NH-White",-0.00742492421879507,0.000190483010647194,0,330810
"BRFSS",2024,"NH-Black",-0.0128053578131479,0.00053880056072526,7.20026738316426e-124,34878
"BRFSS",2024,"NH-AIAN",-0.0090035105952136,0.00222261166051273,5.16404678475199e-05,6303
"BRFSS",2024,"NH-Asian/PI",-0.00843788238766634,0.00120577977240353,2.73128038480547e-12,12530
"BRFSS",2024,"Hispanic",-0.0143008290128726,0.000601578431777684,3.2653231842333e-124,49173
"BRFSS",2024,"Other",-0.00843883507653001,0.000812271709747147,3.21687348536068e-25,20122
"BRFSS",2025,"NH-White",-0.00575615635455894,0.000859109933764285,2.16598009731147e-11,13309
"BRFSS",2025,"NH-Black",-0.0120090266418942,0.00240858617696077,6.98816249717248e-07,1319
"BRFSS",2025,"NH-AIAN",-0.0125519694039812,0.0068691628438323,0.0686458334568763,303
"BRFSS",2025,"NH-Asian/PI",-0.00458945596128375,0.00335645927804296,0.171978165346814,666
"BRFSS",2025,"Hispanic",-0.012847121845842,0.00260001592504829,8.24718989967218e-07,2662
"BRFSS",2025,"Other",-0.0128990578220342,0.00251489039569523,3.5486009000407e-07,925
"MEPS",2000,"NH-White",-0.0179359286760579,0.000597434869219177,2.60447497173316e-189,9560
"MEPS",2000,"NH-Black",-0.0203838790490199,0.00146438448958979,3.79829007551163e-42,2044
"MEPS",2000,"NH-AIAN",-0.0198467750682146,0.00804726149006936,0.0158758016869963,79
"MEPS",2000,"NH-Asian/PI",-0.0133519103359354,0.00314401021020116,2.77318412641985e-05,357
"MEPS",2000,"Hispanic",-0.0224529658948779,0.0013922567082273,2.41012190348457e-56,3248
"MEPS",2000,"Other",NA,NA,NA,0
"MEPS",2001,"NH-White",-0.0168146330398559,0.00051288636354941,1.50695224994553e-226,12972
"MEPS",2001,"NH-Black",-0.0195237163164645,0.0012416255819061,2.1484225862213e-53,2724
"MEPS",2001,"NH-AIAN",-0.0240673304178108,0.00533265210254297,1.30489904779817e-05,148
"MEPS",2001,"NH-Asian/PI",-0.0178174474420546,0.0026605131234222,4.9326330321962e-11,597
"MEPS",2001,"Hispanic",-0.020783451631932,0.00116537353424663,1.18189022813103e-68,4233
"MEPS",2001,"Other",NA,NA,NA,0
"MEPS",2002,"NH-White",-0.0177060213418169,0.000486197429834517,9.98347925203122e-278,14250
"MEPS",2002,"NH-Black",-0.0248125667241758,0.00118312373533787,1.00494335170671e-91,3270
"MEPS",2002,"NH-AIAN",-0.0206087037610538,0.00444134026779355,6.63803661122192e-06,184
"MEPS",2002,"NH-Asian/PI",-0.0209971166436509,0.00223265296671253,4.06083698160412e-20,919
"MEPS",2002,"Hispanic",-0.0208829919203061,0.00115425314728751,5.40289825929923e-71,5184
"MEPS",2002,"Other",-0.0256189698364569,0.00373740442037656,6.28567886945974e-11,236
"MEPS",2003,"NH-White",-0.0130355930592712,0.00257138815334743,4.05002297275497e-07,11715
"MEPS",2003,"NH-Black",-0.0218692666885009,0.00132964861593613,3.31328395251808e-58,2928
"MEPS",2003,"NH-AIAN",-0.0184670424734688,0.00584285830961786,0.00200075806092527,120
"MEPS",2003,"NH-Asian/PI",-0.0221442956589913,0.00239386716530276,1.53508780436819e-19,918
"MEPS",2003,"Hispanic",-0.0199086634063293,0.00123591013484504,6.94887400073369e-57,4758
"MEPS",2003,"Other",-0.0179598315825671,0.00442764003232442,6.89473080228332e-05,225
"MEPS",2004,"NH-White",-0.0167258281564935,0.000544196353025286,1.51444217086315e-199,11680
"MEPS",2004,"NH-Black",-0.0191161498658437,0.00131314804027409,2.24246112124288e-46,2878
"MEPS",2004,"NH-AIAN",-0.0204679754208523,0.00731514892451738,0.0060809176928024,111
"MEPS",2004,"NH-Asian/PI",-0.0198704688066881,0.00233956175323,7.66475151935812e-17,953
"MEPS",2004,"Hispanic",-0.0228080502217921,0.00116918437309126,1.16177623179629e-81,4866
"MEPS",2004,"Other",-0.0254795592188388,0.00398061507548311,6.27887299746171e-10,289
"MEPS",2005,"NH-White",-0.0134397478756322,0.00263109656565801,3.30803719843519e-07,11347
"MEPS",2005,"NH-Black",-0.0209751577203858,0.00123683823649606,9.82364897814311e-62,3074
"MEPS",2005,"NH-AIAN",-0.0225784126368089,0.00577540940990653,0.000154298660894399,121
"MEPS",2005,"NH-Asian/PI",-0.016323345770213,0.00253146133906254,1.8727589599263e-10,874
"MEPS",2005,"Hispanic",-0.0226210299941576,0.00123366255955615,1.16422408404523e-72,4841
"MEPS",2005,"Other",-0.023090889569234,0.00403517222044678,2.81494757527336e-08,269
"MEPS",2006,"NH-White",-0.0162727942528849,0.000544511434306741,6.93550479101355e-189,11214
"MEPS",2006,"NH-Black",-0.0203706256619731,0.00116174501013092,6.60574199536019e-66,3328
"MEPS",2006,"NH-AIAN",-0.0143345033871618,0.00614332579902644,0.0212666385844389,124
"MEPS",2006,"NH-Asian/PI",-0.0167786646312524,0.00207679679565459,2.18531121360561e-15,867
"MEPS",2006,"Hispanic",-0.0227336740291943,0.00124460922826231,3.92767099098734e-72,4840
"MEPS",2006,"Other",-0.014893952224324,0.00424976426536859,0.000538555754751543,261
"MEPS",2007,"NH-White",-0.0167003654924607,0.000565225727260854,2.97107236768442e-184,10324
"MEPS",2007,"NH-Black",-0.0174413715952326,0.00117701931234849,5.51330148398097e-48,2976
"MEPS",2007,"NH-AIAN",-0.0176563016223394,0.00651712928497619,0.00820902979694714,84
"MEPS",2007,"NH-Asian/PI",-0.0211692778050412,0.00177735547956093,1.18380293114347e-30,987
"MEPS",2007,"Hispanic",-0.0224782770639393,0.00126336581544942,2.28132404341182e-68,4262
"MEPS",2007,"Other",-0.017055279110825,0.00429185896418317,9.38914226603654e-05,239
"MEPS",2008,"NH-White",-0.0162519593732049,0.000574573424888327,2.96828134437802e-169,9790
"MEPS",2008,"NH-Black",-0.0198930058752721,0.00103320718984422,8.15035895352892e-79,3713
"MEPS",2008,"NH-AIAN",-0.00854099972025843,0.00898363786517625,0.344316981072674,91
"MEPS",2008,"NH-Asian/PI",-0.0214153888643551,0.00168010765550246,3.21850113411596e-35,1350
"MEPS",2008,"Hispanic",-0.0195609863121494,0.00116339851684914,8.85185864803461e-62,5080
"MEPS",2008,"Other",-0.00985118899806595,0.0039630065211246,0.0134764485447126,299
"MEPS",2009,"NH-White",-0.0140281302552698,0.00057543397398042,9.69572432485957e-128,10527
"MEPS",2009,"NH-Black",-0.0195203108532242,0.000962521071247484,1.80563700806775e-87,4374
"MEPS",2009,"NH-AIAN",-0.0146327775071953,0.00601554702477862,0.0166382810884464,110
"MEPS",2009,"NH-Asian/PI",-0.0119390850072577,0.0047358489902005,0.0117971391025953,1627
"MEPS",2009,"Hispanic",-0.0202873124406039,0.000984260034653478,3.07441145060616e-91,5962
"MEPS",2009,"Other",-0.0122514698738435,0.00347258947913041,0.000483957779344634,303
"MEPS",2010,"NH-White",-0.0148898764919585,0.000583372273219986,3.55043699262187e-139,9797
"MEPS",2010,"NH-Black",-0.0193034800957728,0.00100855150072996,4.46722661102889e-78,3853
"MEPS",2010,"NH-AIAN",-0.0176373849795458,0.00639113060834227,0.00689430619422294,101
"MEPS",2010,"NH-Asian/PI",-0.0193508175970633,0.00175945304118599,3.5988659560341e-27,1595
"MEPS",2010,"Hispanic",-0.0201130898011536,0.00108549651723078,3.57672285063483e-74,4982
"MEPS",2010,"Other",-0.0148403894843442,0.00423195048766186,0.000539403996136211,247
"MEPS",2011,"NH-White",-0.013988084170085,0.000571472147490355,1.34873947699921e-128,10121
"MEPS",2011,"NH-Black",-0.0197664843376414,0.000961276944145705,1.13136037514782e-89,4278
"MEPS",2011,"NH-AIAN",-0.00761620637982556,0.0056514763264414,0.180699772899041,106
"MEPS",2011,"NH-Asian/PI",-0.0218527448878743,0.00176441573478373,8.63403514300292e-34,1699
"MEPS",2011,"Hispanic",-0.0215033696670088,0.00104364164738427,5.10560967397064e-91,5666
"MEPS",2011,"Other",-0.0195297517878399,0.00448050843156158,1.86295105196759e-05,271
"MEPS",2012,"NH-White",-0.0131588876195103,0.000587161194567449,1.1366679915501e-108,10376
"MEPS",2012,"NH-Black",-0.0205923741195101,0.000900437552289104,3.46329457219345e-110,5012
"MEPS",2012,"NH-AIAN",-0.00824326220904947,0.00631726276856413,0.194682255056054,111
"MEPS",2012,"NH-Asian/PI",-0.0229399685393002,0.00158292868596175,2.68796238770387e-45,1969
"MEPS",2012,"Hispanic",-0.0121979484587121,0.00461457984299377,0.00822726204253545,7021
"MEPS",2012,"Other",-0.0166878962343256,0.00370726637101069,9.50409967526845e-06,318
"MEPS",2013,"NH-White",-0.0134203329274568,0.000625302823203765,1.07067793974155e-99,9013
"MEPS",2013,"NH-Black",-0.0193979953089283,0.000913850949867407,1.57686933471247e-95,4664
"MEPS",2013,"NH-AIAN",-0.020426048514465,0.00702421378206563,0.00461578229188462,89
"MEPS",2013,"NH-Asian/PI",-0.0194938273446796,0.00159560793621576,4.36840587920827e-33,1881
"MEPS",2013,"Hispanic",-0.0222158586135127,0.000911496413970673,8.9093955224664e-126,6689
"MEPS",2013,"Other",-0.016940963703128,0.0036492717501521,4.75660059191196e-06,381
"MEPS",2014,"NH-White",-0.0140064674124785,0.000632458098729747,1.04342272931487e-105,8529
"MEPS",2014,"NH-Black",-0.0190490914797706,0.000956973125345378,1.79960562941552e-84,4378
"MEPS",2014,"NH-AIAN",-0.0192348461778393,0.00716235415434101,0.00906236129949864,71
"MEPS",2014,"NH-Asian/PI",-0.0217900283484933,0.00161045774907479,1.37475973470166e-39,1614
"MEPS",2014,"Hispanic",-0.0180417355864506,0.00310183541288526,6.32968763710709e-09,5829
"MEPS",2014,"Other",-0.0197016513177432,0.00331339414860754,5.60087288719342e-09,442
"MEPS",2015,"NH-White",-0.0127684268471411,0.000613905480395094,7.11175362739528e-94,8977
"MEPS",2015,"NH-Black",-0.0204370085714058,0.00100367388713946,7.36659547730622e-88,4081
"MEPS",2015,"NH-AIAN",-0.0153506667238372,0.00688965047259139,0.0282348226844841,97
"MEPS",2015,"NH-Asian/PI",-0.0165043470135341,0.00152812327117223,2.54964371211784e-26,1649
"MEPS",2015,"Hispanic",-0.0207845911353986,0.000987106720696189,5.10282099349005e-95,6006
"MEPS",2015,"Other",-0.0150208372344278,0.00308291461114808,1.50095442625725e-06,482
"MEPS",2016,"NH-White",-0.0119011303388719,0.000620735478765992,2.3220782349976e-80,9160
"MEPS",2016,"NH-Black",-0.0217081463010287,0.00100012464165858,1.23395857074181e-98,3842
"MEPS",2016,"NH-AIAN",-0.0247404478469167,0.00693321097218048,0.00057838606978556,92
"MEPS",2016,"NH-Asian/PI",-0.00706267977188252,0.00495483781439537,0.154229684990144,1634
"MEPS",2016,"Hispanic",-0.0161347260477485,0.00350649022637579,4.28117614608973e-06,6143
"MEPS",2016,"Other",-0.00774274683927534,0.00293510010478514,0.00861843396931197,469
"MEPS",2017,"NH-White",-0.0112574317730738,0.0018481431155272,1.16262641298192e-09,9821
"MEPS",2017,"NH-Black",-0.022766515015862,0.00106131687548351,8.29859842369185e-96,3381
"MEPS",2017,"NH-AIAN",-0.0235931896730522,0.00841297048599319,0.00691685715866136,58
"MEPS",2017,"NH-Asian/PI",-0.019613220341371,0.00174932866071631,6.33493707929262e-28,1314
"MEPS",2017,"Hispanic",-0.0202394503278879,0.00100358124505307,4.41877522606341e-87,5094
"MEPS",2017,"Other",-0.0144817334082269,0.0028571470080041,5.6746507215412e-07,496
"MEPS",2018,"NH-White",-0.0137483922246878,0.000573035959074231,6.05844887282894e-124,10705
"MEPS",2018,"NH-Black",-0.0204545327053357,0.00119123010140582,7.28297970969856e-63,2758
"MEPS",2018,"NH-AIAN",-0.0298986519258408,0.00935668344880455,0.00201599540217852,80
"MEPS",2018,"NH-Asian/PI",-0.0207464683428985,0.00184148209816764,8.26530415722948e-28,1007
"MEPS",2018,"Hispanic",-0.0224681174485909,0.00110226789062329,6.40724801836881e-88,3972
"MEPS",2018,"Other",-0.0156141012892385,0.00274389087728944,2.22136522802865e-08,476
"MEPS",2019,"NH-White",-0.0126936065720959,0.000576796572757695,7.11235017473321e-105,10074
"MEPS",2019,"NH-Black",-0.00351105437291556,0.00322876428643045,0.276957969829103,2362
"MEPS",2019,"NH-AIAN",-0.0175889468537214,0.00831956354047311,0.0376552086859233,81
"MEPS",2019,"NH-Asian/PI",-0.0215024304310442,0.00201295209788564,3.38915937020408e-25,927
"MEPS",2019,"Hispanic",-0.0230406173790542,0.00117343549851608,1.84303884539679e-81,3454
"MEPS",2019,"Other",-0.0165505484474813,0.00329736937761366,7.95828764257041e-07,385
"MEPS",2020,"NH-White",-0.0126659238733699,0.000668959248733664,2.61597275017498e-78,8326
"MEPS",2020,"NH-Black",-0.0211969128742008,0.00152090010516967,6.09205208545228e-42,1748
"MEPS",2020,"NH-AIAN",0.0024955818529634,0.00877311715896902,0.776977924382657,66
"MEPS",2020,"NH-Asian/PI",-0.0199965325386129,0.00225559601943042,5.25319388313474e-18,771
"MEPS",2020,"Hispanic",-0.019598207013634,0.00138643486344987,8.10747758683385e-44,2696
"MEPS",2020,"Other",-0.0193634501837507,0.00388309314385655,1.09856478737764e-06,273
"MEPS",2021,"NH-White",-0.0104167144788895,0.000681981453380689,5.16065320595418e-52,8916
"MEPS",2021,"NH-Black",-0.0197163675816937,0.00168771841096841,1.52536265035319e-30,1990
"MEPS",2021,"NH-AIAN",-0.00433787967082049,0.00844669135157394,0.609030443688442,79
"MEPS",2021,"NH-Asian/PI",-0.00345638345328559,0.00371710187244611,0.35272702403202,794
"MEPS",2021,"Hispanic",-0.0179290657481798,0.00137809453203711,1.218858659085e-37,2872
"MEPS",2021,"Other",-0.021966506071802,0.00387442326320125,3.48651716650153e-08,289
"MEPS",2022,"NH-White",-0.0107789912453593,0.000839865055927202,2.88311969239722e-37,6721
"MEPS",2022,"NH-Black",-0.0186478327992832,0.00186613008699998,8.94929446034589e-23,1434
"MEPS",2022,"NH-AIAN",-0.0158941010514829,0.00966487865558048,0.107037534148687,47
"MEPS",2022,"NH-Asian/PI",-0.0202120464428641,0.00281680733169317,2.17147495633785e-12,592
"MEPS",2022,"Hispanic",-0.0204871740900776,0.00164749407980236,4.01371523174302e-34,1808
"MEPS",2022,"Other",-0.0232378363316741,0.00426964165490942,1.4574386056015e-07,212
"MEPS",2023,"NH-White",-0.00770057261496433,0.000889486507042562,6.143946018851e-18,5942
"MEPS",2023,"NH-Black",-0.0166073906218835,0.00210986148259787,8.00620323052068e-15,1162
"MEPS",2023,"NH-AIAN",-0.0282115131086607,0.00710460174398699,0.000274936580148357,44
"MEPS",2023,"NH-Asian/PI",-0.0119056465345498,0.00287579209495014,4.04207126383047e-05,531
"MEPS",2023,"Hispanic",-0.0153350373495258,0.00166108909682904,7.46294122810819e-20,1746
"MEPS",2023,"Other",-0.00715425131455509,0.00422228507048308,0.0918714923146349,187
"NHIS",1983,"NH-White",NA,NA,NA,0
"NHIS",1983,"NH-Black",NA,NA,NA,0
"NHIS",1983,"NH-AIAN",NA,NA,NA,0
"NHIS",1983,"NH-Asian/PI",NA,NA,NA,0
"NHIS",1983,"Hispanic",NA,NA,NA,0
"NHIS",1983,"Other",-0.021583877732403,0.000331353864251336,0,37650
"NHIS",1984,"NH-White",NA,NA,NA,0
"NHIS",1984,"NH-Black",NA,NA,NA,0
"NHIS",1984,"NH-AIAN",NA,NA,NA,0
"NHIS",1984,"NH-Asian/PI",NA,NA,NA,0
"NHIS",1984,"Hispanic",NA,NA,NA,0
"NHIS",1984,"Other",-0.014835784885345,0.0011871331970846,1.13334117526427e-35,16078
"NHIS",1985,"NH-White",NA,NA,NA,0
"NHIS",1985,"NH-Black",NA,NA,NA,0
"NHIS",1985,"NH-AIAN",NA,NA,NA,0
"NHIS",1985,"NH-Asian/PI",NA,NA,NA,0
"NHIS",1985,"Hispanic",NA,NA,NA,0
"NHIS",1985,"Other",-0.0209666019659317,0.000363913060342112,0,33528
"NHIS",1987,"NH-White",NA,NA,NA,0
"NHIS",1987,"NH-Black",NA,NA,NA,0
"NHIS",1987,"NH-AIAN",NA,NA,NA,0
"NHIS",1987,"NH-Asian/PI",NA,NA,NA,0
"NHIS",1987,"Hispanic",NA,NA,NA,0
"NHIS",1987,"Other",-0.0206014628878442,0.000316660820929981,0,43962
"NHIS",1988,"NH-White",NA,NA,NA,0
"NHIS",1988,"NH-Black",NA,NA,NA,0
"NHIS",1988,"NH-AIAN",NA,NA,NA,0
"NHIS",1988,"NH-Asian/PI",NA,NA,NA,0
"NHIS",1988,"Hispanic",NA,NA,NA,0
"NHIS",1988,"Other",-0.0195409541160404,0.000315458574563719,0,43662
"NHIS",1989,"NH-White",NA,NA,NA,0
"NHIS",1989,"NH-Black",NA,NA,NA,0
"NHIS",1989,"NH-AIAN",NA,NA,NA,0
"NHIS",1989,"NH-Asian/PI",NA,NA,NA,0
"NHIS",1989,"Hispanic",NA,NA,NA,0
"NHIS",1989,"Other",-0.0192154866033545,0.000326876124676923,0,42258
"NHIS",1990,"NH-White",NA,NA,NA,0
"NHIS",1990,"NH-Black",NA,NA,NA,0
"NHIS",1990,"NH-AIAN",NA,NA,NA,0
"NHIS",1990,"NH-Asian/PI",NA,NA,NA,0
"NHIS",1990,"Hispanic",NA,NA,NA,0
"NHIS",1990,"Other",-0.0187847287569388,0.000328433313138418,0,40999
"NHIS",1991,"NH-White",NA,NA,NA,0
"NHIS",1991,"NH-Black",NA,NA,NA,0
"NHIS",1991,"NH-AIAN",NA,NA,NA,0
"NHIS",1991,"NH-Asian/PI",NA,NA,NA,0
"NHIS",1991,"Hispanic",NA,NA,NA,0
"NHIS",1991,"Other",-0.0189068360602024,0.000324039891368473,0,43635
"NHIS",1992,"NH-White",NA,NA,NA,0
"NHIS",1992,"NH-Black",NA,NA,NA,0
"NHIS",1992,"NH-AIAN",NA,NA,NA,0
"NHIS",1992,"NH-Asian/PI",NA,NA,NA,0
"NHIS",1992,"Hispanic",NA,NA,NA,0
"NHIS",1992,"Other",-0.0182564608736373,0.00043889826846009,0,24000
"NHIS",1993,"NH-White",NA,NA,NA,0
"NHIS",1993,"NH-Black",NA,NA,NA,0
"NHIS",1993,"NH-AIAN",NA,NA,NA,0
"NHIS",1993,"NH-Asian/PI",NA,NA,NA,0
"NHIS",1993,"Hispanic",NA,NA,NA,0
"NHIS",1993,"Other",-0.0183887249896534,0.000311842542085181,0,44244
"NHIS",1997,"NH-White",-0.0193813934534564,0.00039766852598307,0,24123
"NHIS",1997,"NH-Black",-0.0248616920334595,0.00107814151880809,5.82710548317338e-112,5061
"NHIS",1997,"NH-AIAN",-0.0277114015380184,0.00598353995106018,6.94500757017472e-06,182
"NHIS",1997,"NH-Asian/PI",-0.0177863687990739,0.00223167338946361,4.55441884905196e-15,947
"NHIS",1997,"Hispanic",-0.0225388748284468,0.00109148932976795,2.08563444209013e-91,5682
"NHIS",1997,"Other",-0.00552303955698202,0.0077003397070558,0.475211972938153,86
"NHIS",1998,"NH-White",-0.0195637639875897,0.000429153640160178,0,21796
"NHIS",1998,"NH-Black",-0.0270566646167041,0.00107725553086578,4.73674036968749e-130,4320
"NHIS",1998,"NH-AIAN",-0.0181434321635447,0.00610453435042363,0.00337896946862982,175
"NHIS",1998,"NH-Asian/PI",-0.0152842483588977,0.00300873323804877,4.66011846431619e-07,836
"NHIS",1998,"Hispanic",-0.022850939276026,0.00112009526620464,4.77252040286505e-89,5183
"NHIS",1998,"Other",-0.016888570828546,0.00551367164943355,0.00282902867712416,100
"NHIS",1999,"NH-White",-0.0193764445842151,0.000428346165046468,0,20535
"NHIS",1999,"NH-Black",-0.0244066434715715,0.00113481059432699,1.98802018406985e-97,4206
"NHIS",1999,"NH-AIAN",-0.0267560122998374,0.0052019111159593,7.1750635233463e-07,177
"NHIS",1999,"NH-Asian/PI",-0.021218909032645,0.00281797120503316,1.49782843590684e-13,734
"NHIS",1999,"Hispanic",-0.0223615540784191,0.0010812316173161,3.09294840254849e-91,4992
"NHIS",1999,"Other",-0.00583534328178201,0.00752130214097941,0.439407636115654,119
"NHIS",2000,"NH-White",-0.0195656303258782,0.000421375530267412,0,21299
"NHIS",2000,"NH-Black",-0.0283486962447668,0.00106733167558649,1.35218238600761e-144,4536
"NHIS",2000,"NH-AIAN",-0.0369469796602628,0.0061672183342987,1.00432764426957e-08,195
"NHIS",2000,"NH-Asian/PI",-0.0198316273900609,0.00236603838999243,2.11757928504452e-16,861
"NHIS",2000,"Hispanic",-0.0223379573186103,0.00109257215487243,1.5676109005285e-89,5374
"NHIS",2000,"Other",-0.00737418287816116,0.00940186032665337,0.435315433008261,77
"NHIS",2001,"NH-White",-0.0192792965601873,0.000424753533445097,0,21859
"NHIS",2001,"NH-Black",-0.0272196057885882,0.00113303398292574,3.14741010503398e-120,4592
"NHIS",2001,"NH-AIAN",-0.0202290498221809,0.00542512147477997,0.000248663617129829,208
"NHIS",2001,"NH-Asian/PI",-0.0160590916096938,0.00241773878937674,5.31123891145142e-11,912
"NHIS",2001,"Hispanic",-0.0245440393021459,0.00111270105347409,1.7902125666545e-103,5613
"NHIS",2001,"Other",-0.0191625327066835,0.00634843696860201,0.00323073084768627,101
"NHIS",2002,"NH-White",-0.0193862804191737,0.000436837108868353,0,20416
"NHIS",2002,"NH-Black",-0.0250583090516811,0.00111111278249577,2.38623253836523e-106,4161
"NHIS",2002,"NH-AIAN",-0.0275150182821927,0.00558371051708504,1.99973755529353e-06,168
"NHIS",2002,"NH-Asian/PI",-0.0225057418969002,0.00231647412252207,2.76026005792182e-21,901
"NHIS",2002,"Hispanic",-0.0219452565331473,0.00119333727259799,2.98721947636911e-73,5268
"NHIS",2002,"Other",-0.017988007747868,0.00760531790008416,0.020244199677742,89
"NHIS",2003,"NH-White",-0.0190710832534601,0.000439985288579177,0,20142
"NHIS",2003,"NH-Black",-0.0257262386113524,0.00113502516877858,2.5727672718895e-107,4143
"NHIS",2003,"NH-AIAN",-0.0297842894635407,0.00632629524276119,5.34024403462425e-06,164
"NHIS",2003,"NH-Asian/PI",-0.020619911215846,0.0026046429187419,7.37509018918589e-15,877
"NHIS",2003,"Hispanic",-0.023510690682525,0.00113834166680498,2.7767345409137e-91,5415
"NHIS",2003,"Other",0.000426301239186131,0.0100927960686456,0.966425749349006,74
"NHIS",2004,"NH-White",-0.0197654644996594,0.000433037397872685,0,20195
"NHIS",2004,"NH-Black",-0.024852040068253,0.00108295163645032,4.20836652440919e-110,4348
"NHIS",2004,"NH-AIAN",-0.0335421631586991,0.0050909228869355,4.73553148626543e-10,182
"NHIS",2004,"NH-Asian/PI",-0.0213227822241003,0.00232872733801425,3.48698026814819e-19,908
"NHIS",2004,"Hispanic",-0.0211591468672335,0.00111468611158818,6.55716583414269e-78,5579
"NHIS",2004,"Other",-0.0203604068208351,0.00888450375877481,0.0242576055525235,92
"NHIS",2005,"NH-White",-0.0190519439426429,0.00043951971042353,0,20357
"NHIS",2005,"NH-Black",-0.0255685312229341,0.00109676421917823,2.23005472279104e-113,4356
"NHIS",2005,"NH-AIAN",-0.0222144037968581,0.0066813896671797,0.00109158056691951,166
"NHIS",2005,"NH-Asian/PI",-0.0187194474965752,0.00227494977697371,6.17044924965375e-16,957
"NHIS",2005,"Hispanic",-0.0217601796416409,0.00116067115060725,4.52939426422083e-76,5504
"NHIS",2005,"Other",-0.0276076084894938,0.00839085406918,0.0015606323275197,73
"NHIS",2006,"NH-White",-0.0179079322629878,0.000533414129398347,4.6950655467397e-238,14536
"NHIS",2006,"NH-Black",-0.026459430110902,0.00114430150995005,3.92897245610616e-111,4002
"NHIS",2006,"NH-AIAN",-0.0297157179135924,0.00481897641553496,7.46757726278975e-09,138
"NHIS",2006,"NH-Asian/PI",-0.021489608998615,0.00186673022113209,2.93584514885311e-29,1290
"NHIS",2006,"Hispanic",-0.0208875529862318,0.00122259909397153,2.48282691608532e-63,4226
"NHIS",2006,"Other",-0.0228457333553025,0.0091847581616486,0.0155295489989422,65
"NHIS",2007,"NH-White",-0.0182768711324128,0.000561935971076406,8.60299378935429e-224,14043
"NHIS",2007,"NH-Black",-0.0260385640264025,0.00118499386562688,1.18975277056519e-100,3678
"NHIS",2007,"NH-AIAN",-0.0262026189429549,0.00622418107294186,4.22601211087108e-05,164
"NHIS",2007,"NH-Asian/PI",-0.0222737281542059,0.00196345767225879,2.00442149732698e-28,1219
"NHIS",2007,"Hispanic",-0.0222502705518668,0.00123660908414309,8.77774469841484e-70,4194
"NHIS",2007,"Other",-0.0304305562796034,0.00932214187607053,0.00163047272808794,80
"NHIS",2008,"NH-White",-0.0178730871624525,0.000562853272296367,2.36192621806886e-213,13278
"NHIS",2008,"NH-Black",-0.0253886242312472,0.00124792497690997,7.15202813142568e-87,3365
"NHIS",2008,"NH-AIAN",-0.0274169211469534,0.00754797198769563,0.000392328492309066,143
"NHIS",2008,"NH-Asian/PI",-0.0227894959303213,0.00185481294913726,8.10668292531745e-33,1236
"NHIS",2008,"Hispanic",-0.0216032350646108,0.00135957740978468,4.91465524475735e-55,3672
"NHIS",2008,"Other",-0.00676613588274039,0.00647016730048924,0.299226677457869,73
"NHIS",2009,"NH-White",-0.0179424170916449,0.000532875139573441,2.54316350769721e-240,16262
"NHIS",2009,"NH-Black",-0.0247103554760684,0.001141908454764,8.31657399812901e-99,4439
"NHIS",2009,"NH-AIAN",-0.00868676474744405,0.00507762386442644,0.08901009473792,166
"NHIS",2009,"NH-Asian/PI",-0.0214808875446013,0.00190186357764629,1.6528863946567e-28,1589
"NHIS",2009,"Hispanic",-0.0221547335708031,0.00118082663223318,4.96935114562856e-76,5164
"NHIS",2009,"Other",-0.0156249619179972,0.00607507335115425,0.0115976502499395,101
"NHIS",2010,"NH-White",-0.0155966016615026,0.000504380179655258,8.34169071598254e-204,15559
"NHIS",2010,"NH-Black",-0.0231474831447039,0.00108530393276796,3.27743617611746e-96,4481
"NHIS",2010,"NH-AIAN",-0.0141631092501858,0.00571163974762025,0.0143024920460117,146
"NHIS",2010,"NH-Asian/PI",-0.0228160117389848,0.0017151337796063,1.71356382188659e-38,1709
"NHIS",2010,"Hispanic",-0.0202462126847085,0.00106413115257706,4.66621726370962e-78,5155
"NHIS",2010,"Other",-0.0340876914312572,0.00690484885142844,3.68333775703837e-06,91
"NHIS",2011,"NH-White",-0.0158799543319153,0.000463968890212409,1.88391924741135e-249,19717
"NHIS",2011,"NH-Black",-0.024743574613883,0.00102880089827648,5.27982280787607e-121,4973
"NHIS",2011,"NH-AIAN",-0.0198177997159183,0.00404445061265297,1.78125513154134e-06,238
"NHIS",2011,"NH-Asian/PI",-0.0239511136209163,0.00151416373373086,2.83259194384637e-53,2059
"NHIS",2011,"Hispanic",-0.0210044271939674,0.00102578445643831,4.62612702928365e-90,5867
"NHIS",2011,"Other",-0.0144724135566601,0.00610249294393174,0.0190649147380571,143
"NHIS",2012,"NH-White",-0.0148918315027533,0.000485522155521674,4.17229900625094e-202,20830
"NHIS",2012,"NH-Black",-0.0244787158990679,0.00103298683222,5.26237629247649e-118,5233
"NHIS",2012,"NH-AIAN",-0.0298444443915218,0.00470697305466363,9.67859049379302e-10,270
"NHIS",2012,"NH-Asian/PI",-0.0194353738397648,0.00160092051099793,7.58429287778283e-33,2141
"NHIS",2012,"Hispanic",-0.0221739281606405,0.00105302396765666,6.02204788590296e-95,5856
"NHIS",2012,"Other",-0.0212235657535414,0.00578545558816658,0.00032365109183295,177
"NHIS",2013,"NH-White",-0.0167841700795909,0.00049821081542038,2.68430753687982e-242,20789
"NHIS",2013,"NH-Black",-0.0238930674326786,0.00104600219359008,3.31511822959616e-110,5278
"NHIS",2013,"NH-AIAN",-0.0179850517442925,0.00443237959734395,6.411879528854e-05,286
"NHIS",2013,"NH-Asian/PI",-0.0204594229594345,0.00151136279052424,4.38147642350181e-40,2093
"NHIS",2013,"Hispanic",-0.0210290770171358,0.00105614615282498,1.90111768119061e-85,5940
"NHIS",2013,"Other",-0.018446754555498,0.00605193704441961,0.00271135895520216,156
"NHIS",2014,"NH-White",-0.0159105449496954,0.000497960591411327,3.11249955872276e-219,23043
"NHIS",2014,"NH-Black",-0.0228350519406158,0.00115200077548767,2.97893398932843e-84,5022
"NHIS",2014,"NH-AIAN",-0.0191023578765982,0.0051349014347443,0.000236233940547881,313
"NHIS",2014,"NH-Asian/PI",-0.0179577684562275,0.00165975027464891,1.42727905527416e-26,2055
"NHIS",2014,"Hispanic",-0.0222091156846284,0.0010317800750721,4.3848864441318e-99,6049
"NHIS",2014,"Other",-0.0157473718107717,0.00637195562007594,0.0143405199417352,192
"NHIS",2015,"NH-White",-0.0158749957025104,0.000515663073369566,1.30210401271883e-203,21074
"NHIS",2015,"NH-Black",-0.0222537904472713,0.00114611791273999,9.23981244797421e-81,4572
"NHIS",2015,"NH-AIAN",-0.0222973077377187,0.00622535881740434,0.00039476533646288,320
"NHIS",2015,"NH-Asian/PI",-0.0210862248263013,0.00167455672402039,5.42591664066225e-35,1920
"NHIS",2015,"Hispanic",-0.0196425784843604,0.00113181779348031,9.36268624059842e-66,5589
"NHIS",2015,"Other",-0.0118540531240459,0.00694020560663042,0.0893179534207041,186
"NHIS",2016,"NH-White",-0.014378283612979,0.000453958807147425,1.31162877128388e-215,23367
"NHIS",2016,"NH-Black",-0.0208473849392514,0.00140157917201614,1.28357119816784e-48,3624
"NHIS",2016,"NH-AIAN",-0.0251196745457045,0.00414798049235733,3.66838742637433e-09,345
"NHIS",2016,"NH-Asian/PI",-0.0208678197665828,0.00175389473869945,2.26876596514796e-31,1643
"NHIS",2016,"Hispanic",-0.0234757598886194,0.00125179187976403,4.00468231314028e-75,3806
"NHIS",2016,"Other",-0.0171167060040745,0.00481260625667247,0.000456385810581325,231
"NHIS",2017,"NH-White",-0.0149593391951232,0.000455647134283456,6.21435940069333e-230,18834
"NHIS",2017,"NH-Black",-0.0233944089768377,0.00139262181442401,1.53699795026214e-60,2936
"NHIS",2017,"NH-AIAN",-0.0156217623377375,0.00463121893203334,0.000851607983269715,273
"NHIS",2017,"NH-Asian/PI",-0.025270171505439,0.00186110910659105,2.01905163504295e-39,1331
"NHIS",2017,"Hispanic",-0.022884522990584,0.00143644770922756,4.49111813442847e-55,3243
"NHIS",2017,"Other",-0.0105329034790834,0.0085634993462492,0.221216139884532,117
"NHIS",2018,"NH-White",-0.0149869661792765,0.000500195969926887,2.06396588900105e-192,17563
"NHIS",2018,"NH-Black",-0.0229962917552035,0.00127251202819147,2.59944710886666e-69,2946
"NHIS",2018,"NH-AIAN",-0.0197930527064588,0.0041737210233376,3.34881550406706e-06,286
"NHIS",2018,"NH-Asian/PI",-0.0206487742365873,0.00191970869994003,6.49086254672821e-26,1309
"NHIS",2018,"Hispanic",-0.0225865215883499,0.00128615539036118,5.79946069309029e-66,3178
"NHIS",2018,"Other",-0.0287957517582295,0.00568039927170227,1.41406372811222e-06,126
"NHIS",2019,"NH-White",NA,NA,NA,0
"NHIS",2019,"NH-Black",NA,NA,NA,0
"NHIS",2019,"NH-AIAN",NA,NA,NA,0
"NHIS",2019,"NH-Asian/PI",NA,NA,NA,0
"NHIS",2019,"Hispanic",-0.0230606592640025,0.00118788325692755,2.02734029557035e-80,4143
"NHIS",2019,"Other",-0.0155519049726291,0.000413414778951881,4.21354802825198e-302,27753
"NHIS",2020,"NH-White",NA,NA,NA,0
"NHIS",2020,"NH-Black",NA,NA,NA,0
"NHIS",2020,"NH-AIAN",NA,NA,NA,0
"NHIS",2020,"NH-Asian/PI",NA,NA,NA,0
"NHIS",2020,"Hispanic",-0.0219534521930932,0.00121186404994968,1.97854074403652e-70,3821
"NHIS",2020,"Other",-0.0157606516639309,0.000410680194610593,5.51728560800398e-314,27657
"NHIS",2021,"NH-White",NA,NA,NA,0
"NHIS",2021,"NH-Black",NA,NA,NA,0
"NHIS",2021,"NH-AIAN",NA,NA,NA,0
"NHIS",2021,"NH-Asian/PI",NA,NA,NA,0
"NHIS",2021,"Hispanic",-0.0234200885677872,0.00107997504884664,8.91693462359808e-99,4073
"NHIS",2021,"Other",-0.0157548977922891,0.00041021470613884,1.02762725217391e-313,25310
"NHIS",2022,"NH-White",NA,NA,NA,0
"NHIS",2022,"NH-Black",NA,NA,NA,0
"NHIS",2022,"NH-AIAN",NA,NA,NA,0
"NHIS",2022,"NH-Asian/PI",NA,NA,NA,0
"NHIS",2022,"Hispanic",-0.0208654622267322,0.00111610262827331,8.70719625968722e-75,3934
"NHIS",2022,"Other",-0.0143014538460879,0.000423609284237407,4.55947667046949e-244,23647
"NHIS",2023,"NH-White",NA,NA,NA,0
"NHIS",2023,"NH-Black",NA,NA,NA,0
"NHIS",2023,"NH-AIAN",NA,NA,NA,0
"NHIS",2023,"NH-Asian/PI",NA,NA,NA,0
"NHIS",2023,"Hispanic",-0.0196257820112406,0.00107711541355415,1.40934767740447e-71,4412
"NHIS",2023,"Other",-0.014090366556804,0.000406904647664744,1.08430023785847e-256,25025
"NHIS",2024,"NH-White",NA,NA,NA,0
"NHIS",2024,"NH-Black",NA,NA,NA,0
"NHIS",2024,"NH-AIAN",NA,NA,NA,0
"NHIS",2024,"NH-Asian/PI",NA,NA,NA,0
"NHIS",2024,"Hispanic",-0.0186601779857936,0.00106700451336672,2.03029581661305e-66,4755
"NHIS",2024,"Other",-0.0140266183937737,0.00039803165189912,3.52585328272026e-266,27807
"CPS",1996,"NH-White",-0.0264385804254361,0.000251795242513898,0,68652
"CPS",1996,"NH-Black",-0.0286324488474823,0.000736700624646328,6.83935245989153e-304,8358
"CPS",1996,"NH-AIAN",-0.0214869328039673,0.00314651754787708,1.55430244228393e-11,922
"CPS",1996,"NH-Asian/PI",-0.0239224456129657,0.00132651240432789,3.71624374967242e-69,3044
"CPS",1996,"Hispanic",-0.0255872503878258,0.000731257425908585,8.22101915708192e-256,12316
"CPS",1996,"Other",-0.0306645290369196,0.00269989891337486,1.05380116003971e-26,493
"CPS",1997,"NH-White",-0.0254155959468066,0.000248234284211156,0,68968
"CPS",1997,"NH-Black",-0.0293823929405275,0.000742864324558597,2.53564055841202e-314,8541
"CPS",1997,"NH-AIAN",-0.02820556594817,0.00289093224070374,1.57230146989145e-21,987
"CPS",1997,"NH-Asian/PI",-0.0235717631076986,0.00127322953439507,1.10489623237551e-72,3120
"CPS",1997,"Hispanic",-0.0262633019485366,0.000675443274419858,7.27883661138464e-313,12923
"CPS",1997,"Other",-0.0219189336442645,0.00281605006234299,2.85406022709181e-14,640
"CPS",1998,"NH-White",-0.0250406692797254,0.000248887476846831,0,68340
"CPS",1998,"NH-Black",-0.0279620522963892,0.000743185741839906,2.44761658482014e-286,8359
"CPS",1998,"NH-AIAN",-0.0247464782107082,0.00308506253087722,3.01542160971387e-15,967
"CPS",1998,"NH-Asian/PI",-0.0231266333230661,0.0012318547183993,1.04357624447157e-74,3224
"CPS",1998,"Hispanic",-0.0241949514221011,0.000663976473217164,3.41532788579197e-277,13295
"CPS",1998,"Other",-0.020630130234377,0.00236490889852661,1.58540632747101e-17,791
"CPS",1999,"NH-White",-0.0243839188458254,0.000244777100996305,0,68259
"CPS",1999,"NH-Black",-0.0276296628870215,0.000731707717900641,9.58163700849938e-289,8560
"CPS",1999,"NH-AIAN",-0.0216694346638847,0.00293823881339918,3.62941863221002e-13,934
"CPS",1999,"NH-Asian/PI",-0.0234099007994962,0.00126652675735311,1.33849352970895e-72,3241
"CPS",1999,"Hispanic",-0.0247038201303048,0.00066799403447,1.3865515803924e-285,13841
"CPS",1999,"Other",-0.025957905067165,0.00177060793254314,4.86954815800314e-44,956
"CPS",2000,"NH-White",-0.0244660907038942,0.000250789768740737,0,67732
"CPS",2000,"NH-Black",-0.0264027200104853,0.000727237230601531,5.99923408889766e-269,8745
"CPS",2000,"NH-AIAN",-0.0261917364163974,0.00256351572066341,2.08477844293243e-23,1031
"CPS",2000,"NH-Asian/PI",-0.0239659279538472,0.0012808885456609,2.39020205864113e-74,3322
"CPS",2000,"Hispanic",-0.0236291070797034,0.000625584486778031,1.74768778232319e-298,15194
"CPS",2000,"Other",-0.0263609554304156,0.00192627368776656,1.06033998268776e-39,1193
"CPS",2001,"NH-White",-0.0249215282133777,0.000228426439926463,0,103028
"CPS",2001,"NH-Black",-0.0268432456700151,0.000527568448018034,0,17096
"CPS",2001,"NH-AIAN",-0.0241611661731041,0.00205661476973235,5.99723959441093e-31,2194
"CPS",2001,"NH-Asian/PI",-0.0255271748622188,0.000898529941622506,1.49392818198249e-168,7355
"CPS",2001,"Hispanic",-0.0245999332620016,0.00056585954691986,0,18310
"CPS",2001,"Other",-0.0266370195758792,0.00149622783809624,2.41184968740589e-66,2203
"CPS",2002,"NH-White",-0.0241381222311311,0.000232378405536489,0,101973
"CPS",2002,"NH-Black",-0.0277706880754005,0.000522294537690084,0,16951
"CPS",2002,"NH-AIAN",-0.0246445228501556,0.0022393385983836,1.7997258587949e-27,2240
"CPS",2002,"NH-Asian/PI",-0.0225422366753865,0.00091184430188978,1.73161777034516e-129,7075
"CPS",2002,"Hispanic",-0.0248799382743584,0.000551620124137058,0,19103
"CPS",2002,"Other",-0.0237626951777619,0.00140942112115179,1.56010731727643e-60,2537
"CPS",2003,"NH-White",-0.0243968731615633,0.000229064930329309,0,102839
"CPS",2003,"NH-Black",-0.0276253523602006,0.00053691506384811,0,16479
"CPS",2003,"NH-AIAN",-0.027392706068492,0.00244926643133725,4.86976880500101e-28,1647
"CPS",2003,"NH-Asian/PI",-0.0242524820266612,0.000977252281343707,4.74551398513453e-130,6589
"CPS",2003,"Hispanic",-0.0246902575574472,0.00055815360521775,0,20078
"CPS",2003,"Other",-0.0236818197683694,0.00180113868287846,4.49966413649396e-38,2212
"CPS",2004,"NH-White",-0.023569091247564,0.000232112322287353,0,101099
"CPS",2004,"NH-Black",-0.0278155861730803,0.000536992326438258,0,15933
"CPS",2004,"NH-AIAN",-0.0239390835921599,0.00211993299482037,1.76040530903799e-28,1563
"CPS",2004,"NH-Asian/PI",-0.0223401669538626,0.000849639153000507,2.51954014960744e-145,6931
"CPS",2004,"Hispanic",-0.0238662035204086,0.000546674079259741,0,20246
"CPS",2004,"Other",-0.0244055592149837,0.00174172532056303,6.09651221016828e-43,2408
"CPS",2005,"NH-White",-0.0233494765605088,0.000228386584025496,0,99178
"CPS",2005,"NH-Black",-0.0271540877779793,0.000553101087678766,0,15699
"CPS",2005,"NH-AIAN",-0.0314676974328646,0.00224588033737284,4.38923579598295e-42,1551
"CPS",2005,"NH-Asian/PI",-0.0223590681898848,0.000846491874464053,9.76923188714574e-147,7100
"CPS",2005,"Hispanic",-0.02409138863582,0.000535734847874837,0,20264
"CPS",2005,"Other",-0.0253857427556357,0.00154512958307241,6.55099555073704e-58,2726
"CPS",2006,"NH-White",-0.0232085030546292,0.000227562647341788,0,96897
"CPS",2006,"NH-Black",-0.0260629891292529,0.000550003486087155,0,15582
"CPS",2006,"NH-AIAN",-0.0244536188801434,0.00240077242380685,1.26342941948265e-23,1542
"CPS",2006,"NH-Asian/PI",-0.0221971237061587,0.000833284876949504,2.85358115174718e-149,7293
"CPS",2006,"Hispanic",-0.025229371736731,0.000492005557374028,0,21690
"CPS",2006,"Other",-0.028049440857445,0.00147157133447646,3.58367752850913e-76,2748
"CPS",2007,"NH-White",-0.0232212749767822,0.000230518978326686,0,95616
"CPS",2007,"NH-Black",-0.0264331046392594,0.000545410485816862,0,15918
"CPS",2007,"NH-AIAN",-0.0226381612676619,0.00225398460802239,4.84855021609886e-23,1558
"CPS",2007,"NH-Asian/PI",-0.0236555205187129,0.000803735023592208,2.83968538486629e-180,7497
"CPS",2007,"Hispanic",-0.0239176488779124,0.000507135936880393,0,21816
"CPS",2007,"Other",-0.0277093810501775,0.00147941124605878,2.24368602922164e-73,2513
"CPS",2008,"NH-White",-0.0226663454614287,0.000230635244285029,0,95265
"CPS",2008,"NH-Black",-0.025730756769583,0.000544029675829077,0,16311
"CPS",2008,"NH-AIAN",-0.0213743525738011,0.00226701871910511,1.54611523392059e-20,1483
"CPS",2008,"NH-Asian/PI",-0.0243852937590481,0.000804153985845416,4.84206952187167e-191,7802
"CPS",2008,"Hispanic",-0.0232540814562015,0.000505179646828578,0,22326
"CPS",2008,"Other",-0.0254185053476104,0.00159699683915733,2.52549563253563e-54,2422
"CPS",2009,"NH-White",-0.0223443724375344,0.000229350265068086,0,96102
"CPS",2009,"NH-Black",-0.0266166900490911,0.000529932913011433,0,16178
"CPS",2009,"NH-AIAN",-0.0215218377810189,0.00217016350932863,1.59299148582877e-22,1567
"CPS",2009,"NH-Asian/PI",-0.0245698699680676,0.000811678455941283,7.7268834437746e-191,8148
"CPS",2009,"Hispanic",-0.0245300325638638,0.000502929455461459,0,22726
"CPS",2009,"Other",-0.0250261185557842,0.00151199632970901,2.1095001775312e-58,2442
"CPS",2010,"NH-White",-0.0217076732169836,0.000224792434707059,0,95457
"CPS",2010,"NH-Black",-0.02371122499431,0.000515281100921167,0,17098
"CPS",2010,"NH-AIAN",-0.0209766966587336,0.00233395644677047,6.83164204997813e-19,1629
"CPS",2010,"NH-Asian/PI",-0.0234129266085255,0.000761889329213322,9.91635231694188e-197,8495
"CPS",2010,"Hispanic",-0.0230201575040702,0.000478311169697596,0,23883
"CPS",2010,"Other",-0.0231222859342118,0.00148860636203661,5.10492896232299e-52,2509
"CPS",2011,"NH-White",-0.0219011086043154,0.000225806145038106,0,93316
"CPS",2011,"NH-Black",-0.0258034046085218,0.000513012002884329,0,16859
"CPS",2011,"NH-AIAN",-0.0227819711927634,0.00220822275127838,3.44364744414622e-24,1569
"CPS",2011,"NH-Asian/PI",-0.0234771530890249,0.00076387093276324,3.22029549802133e-197,8884
"CPS",2011,"Hispanic",-0.0227124294237921,0.00046216181760703,0,23723
"CPS",2011,"Other",-0.0241119175974486,0.00146920974332784,1.7373756755964e-57,2434
"CPS",2012,"NH-White",-0.0216925694486323,0.000228570415394183,0,91580
"CPS",2012,"NH-Black",-0.0258572238919005,0.000511168524964628,0,16568
"CPS",2012,"NH-AIAN",-0.0172462921822401,0.00235109113451121,3.66024066370457e-13,1454
"CPS",2012,"NH-Asian/PI",-0.0248588228880793,0.000715154580074525,6.78834159878836e-249,9227
"CPS",2012,"Hispanic",-0.023383206659769,0.000480185196513875,0,23565
"CPS",2012,"Other",-0.0230338414538561,0.00156829568055308,7.78890334751292e-47,2409
"CPS",2013,"NH-White",-0.0211401987679103,0.000227093890458323,0,91227
"CPS",2013,"NH-Black",-0.0257858800500531,0.000517766020162027,0,16647
"CPS",2013,"NH-AIAN",-0.0235206010072079,0.00211630550445609,1.13077755285947e-27,1566
"CPS",2013,"NH-Asian/PI",-0.0236760406484765,0.000700022601392659,1.1554012824307e-236,9349
"CPS",2013,"Hispanic",-0.0242208753503907,0.000459270583073023,0,24576
"CPS",2013,"Other",-0.0259667527560648,0.00149224813934624,5.89236956895816e-64,2397
"CPS",2014,"NH-White",-0.0213873875587571,0.000251313985769862,0,89586
"CPS",2014,"NH-Black",-0.0255834266785201,0.000557878680603112,0,16469
"CPS",2014,"NH-AIAN",-0.0237136047286989,0.00235719437411066,4.50946360739787e-23,1477
"CPS",2014,"NH-Asian/PI",-0.0237345391367962,0.000776595713402803,1.14270249538025e-195,9410
"CPS",2014,"Hispanic",-0.024081583829814,0.000552913825068966,0,25015
"CPS",2014,"Other",-0.0221022308102962,0.00173824655949678,7.27492004693654e-36,2341
"CPS",2015,"NH-White",-0.0206669322011846,0.000226186466231687,0,88479
"CPS",2015,"NH-Black",-0.0254091178307271,0.000500777910860697,0,17174
"CPS",2015,"NH-AIAN",-0.0213745380906649,0.00206350474869071,2.07568247861227e-24,1667
"CPS",2015,"NH-Asian/PI",-0.0235231593769144,0.000665037198367053,1.19477563870583e-257,9555
"CPS",2015,"Hispanic",-0.0221205013971108,0.000444036934829395,0,25188
"CPS",2015,"Other",-0.0222831311924303,0.00153258724931159,8.20025387648453e-46,2216
"CPS",2016,"NH-White",-0.0205847008287885,0.000233379698493465,0,81447
"CPS",2016,"NH-Black",-0.0242012637372668,0.000525550612614554,0,16357
"CPS",2016,"NH-AIAN",-0.0259271269991815,0.00188604770389914,7.37575383793626e-41,1707
"CPS",2016,"NH-Asian/PI",-0.0229590992373113,0.000680669978162326,1.15187176668333e-234,8802
"CPS",2016,"Hispanic",-0.0222213478384402,0.000454370735823063,0,24215
"CPS",2016,"Other",-0.0239040825086989,0.00161325455328431,3.02090334132566e-47,2034
"CPS",2017,"NH-White",-0.020074668069179,0.000233464178385595,0,81775
"CPS",2017,"NH-Black",-0.0241492390841491,0.000518484327634806,0,16094
"CPS",2017,"NH-AIAN",-0.0234987188657039,0.00193079696639413,1.15737313984963e-32,1612
"CPS",2017,"NH-Asian/PI",-0.0231160677203371,0.000647946887255875,1.34461615850525e-261,9430
"CPS",2017,"Hispanic",-0.0227479262139157,0.000449743903294812,0,24758
"CPS",2017,"Other",-0.0257011986292743,0.001558870454492,1.72348796611346e-57,2081
"CPS",2018,"NH-White",-0.019999577312339,0.00023179088157335,0,79067
"CPS",2018,"NH-Black",-0.0248087763482137,0.00051501298042777,0,15737
"CPS",2018,"NH-AIAN",-0.0260364959040622,0.00190814364695712,2.79639964423569e-40,1681
"CPS",2018,"NH-Asian/PI",-0.0225912840403993,0.000663010073353799,8.85616352719875e-240,9215
"CPS",2018,"Hispanic",-0.0225619849743034,0.00043791045864795,0,24293
"CPS",2018,"Other",-0.0247201458081674,0.00151106074333406,8.71572359515674e-57,2151
"CPS",2019,"NH-White",-0.0181483317294937,0.000235399540742704,0,80101
"CPS",2019,"NH-Black",-0.0208332850748062,0.000540059036737514,1.51026887117387e-310,15067
"CPS",2019,"NH-AIAN",-0.0226653775155118,0.00189450160186119,1.13539215207245e-31,1623
"CPS",2019,"NH-Asian/PI",-0.0208602522140228,0.000699844171325238,1.96556992949291e-186,9184
"CPS",2019,"Hispanic",-0.020222414388143,0.000429495350728383,0,24729
"CPS",2019,"Other",-0.0209433488578789,0.00153622513445277,1.16292119668749e-40,2164
"CPS",2020,"NH-White",-0.0181624238300359,0.000241893459785126,0,72007
"CPS",2020,"NH-Black",-0.0214377767150863,0.000554826210746102,1.56385553965389e-309,13212
"CPS",2020,"NH-AIAN",-0.0205537373632985,0.00213135466558041,2.55507850491615e-21,1334
"CPS",2020,"NH-Asian/PI",-0.0209746751812048,0.000710555052576462,2.3022508422711e-182,8463
"CPS",2020,"Hispanic",-0.0200228425855071,0.000466915415442366,0,20873
"CPS",2020,"Other",-0.0224984456390791,0.00165337577727311,2.78218906508464e-40,1874
"CPS",2021,"NH-White",-0.0176626221018027,0.000236939138450653,0,73071
"CPS",2021,"NH-Black",-0.0212145473025628,0.000531994247385203,0,14307
"CPS",2021,"NH-AIAN",-0.0207307956569079,0.00196001832542775,3.04297051415861e-25,1462
"CPS",2021,"NH-Asian/PI",-0.0206395499758861,0.000715077274480327,7.16238610836243e-175,8532
"CPS",2021,"Hispanic",-0.0179635706996643,0.00044988408318912,0,22497
"CPS",2021,"Other",-0.0188720258397861,0.00159643370874589,3.32514728841536e-31,1976
"CPS",2022,"NH-White",-0.017467282319464,0.000246689655754955,0,67595
"CPS",2022,"NH-Black",-0.0213345059646431,0.000555824563550215,8.25031278957286e-306,13313
"CPS",2022,"NH-AIAN",-0.0189836610049574,0.00201095132962116,1.61574841017788e-20,1326
"CPS",2022,"NH-Asian/PI",-0.0205213800885894,0.00071913146717179,4.02832392909179e-171,8500
"CPS",2022,"Hispanic",-0.0193157442832521,0.000453475755546768,0,21516
"CPS",2022,"Other",-0.0201826310481003,0.00176129470219939,1.90561577404682e-29,1908
"CPS",2023,"NH-White",-0.0167440682112427,0.000250098992198752,0,64421
"CPS",2023,"NH-Black",-0.0218907331315984,0.000548631026645429,0,12607
"CPS",2023,"NH-AIAN",-0.0184285730838378,0.00193502349964991,8.68018352908691e-21,1218
"CPS",2023,"NH-Asian/PI",-0.0199635405748514,0.000686548200041961,3.29952539286958e-177,8400
"CPS",2023,"Hispanic",-0.0183377030431552,0.000452296334165576,0,21459
"CPS",2023,"Other",-0.0228921002945646,0.00158755386045024,8.22396893067467e-45,1903
"CPS",2024,"NH-White",-0.01689405666954,0.00025248276720987,0,63836
"CPS",2024,"NH-Black",-0.020079859909123,0.000575500954949947,6.13908344554693e-254,11807
"CPS",2024,"NH-AIAN",-0.0253078369902847,0.00207412271952646,2.53432323348003e-32,1174
"CPS",2024,"NH-Asian/PI",-0.0206121586536537,0.000703488631600521,9.50520591333673e-180,8385
"CPS",2024,"Hispanic",-0.0194512901596622,0.000436408978645208,0,22125
"CPS",2024,"Other",-0.0208659446973274,0.00144856965839626,7.16773579885842e-45,2040
"CPS",2025,"NH-White",-0.0166913470524647,0.000252323958408748,0,62756
"CPS",2025,"NH-Black",-0.0199176537195738,0.000570113508234708,1.46007915628884e-254,11809
"CPS",2025,"NH-AIAN",-0.0160753906412963,0.00210767796803915,5.09472038317138e-14,1127
"CPS",2025,"NH-Asian/PI",-0.0196380961927695,0.000719055796571616,2.29246100524764e-157,8334
"CPS",2025,"Hispanic",-0.0190667395428383,0.000448340488793282,0,21983
"CPS",2025,"Other",-0.0188735538411421,0.00161917607972917,1.93547233522832e-30,2035
"NHANES",1999.5,"NH-White",-0.0134033430505037,0.00126024952133271,9.28333105705028e-26,2074
"NHANES",1999.5,"NH-Black",-0.0210500613324182,0.00205198873141041,1.65125078811689e-23,969
"NHANES",1999.5,"NH-AIAN",NA,NA,NA,0
"NHANES",1999.5,"NH-Asian/PI",NA,NA,NA,0
"NHANES",1999.5,"Hispanic",-0.0214135154856896,0.0027183754948963,5.81920039932799e-15,1755
"NHANES",1999.5,"Other",-0.0143139401709392,0.00502415556484598,0.00493062803413847,171
"NHANES",2001.5,"NH-White",-0.0103916186955813,0.00111627258920121,2.53122096326415e-20,2787
"NHANES",2001.5,"NH-Black",-0.0191068303873953,0.00195680056536115,1.11655939558688e-21,1134
"NHANES",2001.5,"NH-AIAN",NA,NA,NA,0
"NHANES",2001.5,"NH-Asian/PI",NA,NA,NA,0
"NHANES",2001.5,"Hispanic",-0.0160736134789743,0.00277260649007718,8.23134785176771e-09,1475
"NHANES",2001.5,"Other",-0.013372901681155,0.00465204174025484,0.00450128145782139,194
"NHANES",2003.5,"NH-White",-0.0136495672066901,0.00105969342060992,7.03870141981813e-37,2679
"NHANES",2003.5,"NH-Black",-0.0190409073112845,0.00185883339446025,1.33918605412334e-23,1122
"NHANES",2003.5,"NH-AIAN",NA,NA,NA,0
"NHANES",2003.5,"NH-Asian/PI",NA,NA,NA,0
"NHANES",2003.5,"Hispanic",-0.0121620173776719,0.00244453846495064,7.4093748144055e-07,1277
"NHANES",2003.5,"Other",-0.0102901431892533,0.00417291142138903,0.0144301209304703,222
"NHANES",2005.5,"NH-White",-0.00937270431182843,0.00105690661740619,1.38099238843301e-18,2515
"NHANES",2005.5,"NH-Black",-0.0201640880886302,0.00162697904054845,2.03213890235756e-33,1299
"NHANES",2005.5,"NH-AIAN",NA,NA,NA,0
"NHANES",2005.5,"NH-Asian/PI",NA,NA,NA,0
"NHANES",2005.5,"Hispanic",-0.009382493183901,0.00237492304912765,8.21511380803458e-05,1294
"NHANES",2005.5,"Other",-0.0139095760293901,0.00476991511752967,0.00391297800839309,221
"NHANES",2007.5,"NH-White",-0.0103682271217163,0.00107750863042068,1.39690225014411e-21,2763
"NHANES",2007.5,"NH-Black",-0.0176511283445729,0.00171096570184875,5.24434253317749e-24,1256
"NHANES",2007.5,"NH-AIAN",NA,NA,NA,0
"NHANES",2007.5,"NH-Asian/PI",NA,NA,NA,0
"NHANES",2007.5,"Hispanic",-0.015528187820067,0.00149111262913121,1.1331004411959e-24,1729
"NHANES",2007.5,"Other",-0.0247279792496277,0.0043710240853146,4.31100752382503e-08,245
"NHANES",2009.5,"NH-White",-0.00889197527512219,0.000987583408047399,3.77940954548797e-19,3010
"NHANES",2009.5,"NH-Black",-0.0162305019029494,0.00172543254085567,2.63065060964527e-20,1167
"NHANES",2009.5,"NH-AIAN",NA,NA,NA,0
"NHANES",2009.5,"NH-Asian/PI",NA,NA,NA,0
"NHANES",2009.5,"Hispanic",-0.015595882336112,0.00147045813828134,1.52411986023662e-25,1824
"NHANES",2009.5,"Other",-0.0181425136960304,0.00333992219037668,1.03634036332982e-07,357
"NHANES",2011.5,"NH-White",-0.00891599141381767,0.00126727994831237,2.71066864024014e-12,2014
"NHANES",2011.5,"NH-Black",-0.0163278782920191,0.00154226317495751,2.60033640895971e-25,1505
"NHANES",2011.5,"NH-AIAN",NA,NA,NA,0
"NHANES",2011.5,"NH-Asian/PI",NA,NA,NA,0
"NHANES",2011.5,"Hispanic",-0.015003636446428,0.00186351404030003,2.04216745164779e-15,1145
"NHANES",2011.5,"Other",-0.0148585635672005,0.00231604940776732,2.21318986509664e-10,950
"NHANES",2013.5,"NH-White",-0.00596170405624508,0.00112482513679402,1.25899866378314e-07,2490
"NHANES",2013.5,"NH-Black",-0.0154813117967178,0.00157892368031186,6.73261860423493e-22,1222
"NHANES",2013.5,"NH-AIAN",NA,NA,NA,0
"NHANES",2013.5,"NH-Asian/PI",NA,NA,NA,0
"NHANES",2013.5,"Hispanic",-0.0134497916886645,0.00171190426714057,8.01046879421304e-15,1350
"NHANES",2013.5,"Other",-0.0108458898590289,0.00244757856422826,1.05853720443478e-05,857
"NHANES",2015.5,"NH-White",-0.00342174678789452,0.00128954465356889,0.00803606195084879,1836
"NHANES",2015.5,"NH-Black",-0.0136098961395807,0.00169536278214699,2.31500671995361e-15,1224
"NHANES",2015.5,"NH-AIAN",NA,NA,NA,0
"NHANES",2015.5,"NH-Asian/PI",NA,NA,NA,0
"NHANES",2015.5,"Hispanic",-0.01386258843951,0.00148297930365166,2.61506678582968e-20,1765
"NHANES",2015.5,"Other",-0.0167798878276685,0.00252890318424858,5.59118717375897e-11,901
"NHANES",2017.5,"NH-White",-0.00535497004143967,0.00144804311269768,0.000223429358466114,1896
"NHANES",2017.5,"NH-Black",-0.0146077405152177,0.00167768968173132,9.44316100201586e-18,1283
"NHANES",2017.5,"NH-AIAN",NA,NA,NA,0
"NHANES",2017.5,"NH-Asian/PI",NA,NA,NA,0
"NHANES",2017.5,"Hispanic",-0.0113967723522811,0.00180195029449091,3.51057833849163e-10,1269
"NHANES",2017.5,"Other",-0.0134309420869288,0.00227489895660567,4.75100377674224e-09,1079
"NHANES",2018.5,"NH-White",-0.00425631693516561,0.00113250714653929,0.000174246343367963,3072
"NHANES",2018.5,"NH-Black",-0.0148993406909603,0.00131689966933848,6.07430429134059e-29,2377
"NHANES",2018.5,"NH-AIAN",NA,NA,NA,0
"NHANES",2018.5,"NH-Asian/PI",NA,NA,NA,0
"NHANES",2018.5,"Hispanic",-0.0119610513949571,0.00146163939882496,4.87758971491195e-16,1987
"NHANES",2018.5,"Other",-0.012447863333531,0.00176698364829442,2.8088904008847e-12,1520
"NHANES",2022,"NH-White",-0.00991402088909261,0.000991988852047189,3.19019538679113e-23,3682
"NHANES",2022,"NH-Black",-0.0126205445992167,0.00246585550813629,3.87939358594889e-07,791
"NHANES",2022,"NH-AIAN",NA,NA,NA,0
"NHANES",2022,"NH-Asian/PI",NA,NA,NA,0
"NHANES",2022,"Hispanic",-0.0121414543309321,0.00206486294159765,5.44467705313164e-09,1095
"NHANES",2022,"Other",-0.00913533612672069,0.00237347979038965,0.00012854442283436,767
"GSS",1972,"NH-White",NA,NA,NA,0
"GSS",1972,"NH-Black",NA,NA,NA,0
"GSS",1972,"NH-AIAN",NA,NA,NA,0
"GSS",1972,"NH-Asian/PI",NA,NA,NA,0
"GSS",1972,"Hispanic",NA,NA,NA,0
"GSS",1972,"Other",-0.0165283046991681,0.00123469682273813,8.05834481875839e-39,1607
"GSS",1973,"NH-White",NA,NA,NA,0
"GSS",1973,"NH-Black",NA,NA,NA,0
"GSS",1973,"NH-AIAN",NA,NA,NA,0
"GSS",1973,"NH-Asian/PI",NA,NA,NA,0
"GSS",1973,"Hispanic",NA,NA,NA,0
"GSS",1973,"Other",-0.0155632592381831,0.00139622821103756,8.95228243651002e-28,1496
"GSS",1974,"NH-White",NA,NA,NA,0
"GSS",1974,"NH-Black",NA,NA,NA,0
"GSS",1974,"NH-AIAN",NA,NA,NA,0
"GSS",1974,"NH-Asian/PI",NA,NA,NA,0
"GSS",1974,"Hispanic",NA,NA,NA,0
"GSS",1974,"Other",-0.0169757096646126,0.00135306770429751,2.23664845128226e-34,1474
"GSS",1975,"NH-White",NA,NA,NA,0
"GSS",1975,"NH-Black",NA,NA,NA,0
"GSS",1975,"NH-AIAN",NA,NA,NA,0
"GSS",1975,"NH-Asian/PI",NA,NA,NA,0
"GSS",1975,"Hispanic",NA,NA,NA,0
"GSS",1975,"Other",-0.0149635444968111,0.00136101314666951,4.38167864509108e-27,1484
"GSS",1976,"NH-White",NA,NA,NA,0
"GSS",1976,"NH-Black",NA,NA,NA,0
"GSS",1976,"NH-AIAN",NA,NA,NA,0
"GSS",1976,"NH-Asian/PI",NA,NA,NA,0
"GSS",1976,"Hispanic",NA,NA,NA,0
"GSS",1976,"Other",-0.0163588941630728,0.00131966435824051,1.17369157353164e-33,1492
"GSS",1977,"NH-White",NA,NA,NA,0
"GSS",1977,"NH-Black",NA,NA,NA,0
"GSS",1977,"NH-AIAN",NA,NA,NA,0
"GSS",1977,"NH-Asian/PI",NA,NA,NA,0
"GSS",1977,"Hispanic",NA,NA,NA,0
"GSS",1977,"Other",-0.0160323246575549,0.00142979644464714,4.32168158236508e-28,1520
"GSS",1980,"NH-White",NA,NA,NA,0
"GSS",1980,"NH-Black",NA,NA,NA,0
"GSS",1980,"NH-AIAN",NA,NA,NA,0
"GSS",1980,"NH-Asian/PI",NA,NA,NA,0
"GSS",1980,"Hispanic",NA,NA,NA,0
"GSS",1980,"Other",-0.0146302772787772,0.00137179213941873,1.27410186014886e-25,1457
"GSS",1982,"NH-White",NA,NA,NA,0
"GSS",1982,"NH-Black",NA,NA,NA,0
"GSS",1982,"NH-AIAN",NA,NA,NA,0
"GSS",1982,"NH-Asian/PI",NA,NA,NA,0
"GSS",1982,"Hispanic",NA,NA,NA,0
"GSS",1982,"Other",-0.0140948396124073,0.0012476115005741,1.15501644038029e-28,1845
"GSS",1984,"NH-White",NA,NA,NA,0
"GSS",1984,"NH-Black",NA,NA,NA,0
"GSS",1984,"NH-AIAN",NA,NA,NA,0
"GSS",1984,"NH-Asian/PI",NA,NA,NA,0
"GSS",1984,"Hispanic",NA,NA,NA,0
"GSS",1984,"Other",-0.0120001370990351,0.00123274146408249,9.7390236570632e-22,1456
"GSS",1985,"NH-White",NA,NA,NA,0
"GSS",1985,"NH-Black",NA,NA,NA,0
"GSS",1985,"NH-AIAN",NA,NA,NA,0
"GSS",1985,"NH-Asian/PI",NA,NA,NA,0
"GSS",1985,"Hispanic",NA,NA,NA,0
"GSS",1985,"Other",-0.014487483079377,0.00131326392367508,2.81937212225648e-27,1523
"GSS",1987,"NH-White",NA,NA,NA,0
"GSS",1987,"NH-Black",NA,NA,NA,0
"GSS",1987,"NH-AIAN",NA,NA,NA,0
"GSS",1987,"NH-Asian/PI",NA,NA,NA,0
"GSS",1987,"Hispanic",NA,NA,NA,0
"GSS",1987,"Other",-0.0152613810155313,0.00128056584648824,1.42103896433649e-31,1804
"GSS",1988,"NH-White",NA,NA,NA,0
"GSS",1988,"NH-Black",NA,NA,NA,0
"GSS",1988,"NH-AIAN",NA,NA,NA,0
"GSS",1988,"NH-Asian/PI",NA,NA,NA,0
"GSS",1988,"Hispanic",NA,NA,NA,0
"GSS",1988,"Other",-0.0131695148354962,0.00158492938727144,3.21846699148418e-16,973
"GSS",1989,"NH-White",NA,NA,NA,0
"GSS",1989,"NH-Black",NA,NA,NA,0
"GSS",1989,"NH-AIAN",NA,NA,NA,0
"GSS",1989,"NH-Asian/PI",NA,NA,NA,0
"GSS",1989,"Hispanic",NA,NA,NA,0
"GSS",1989,"Other",-0.0130704063232468,0.00151174482483361,2.03097714333549e-17,1026
"GSS",1990,"NH-White",NA,NA,NA,0
"GSS",1990,"NH-Black",NA,NA,NA,0
"GSS",1990,"NH-AIAN",NA,NA,NA,0
"GSS",1990,"NH-Asian/PI",NA,NA,NA,0
"GSS",1990,"Hispanic",NA,NA,NA,0
"GSS",1990,"Other",-0.0132065663561417,0.00165082681930192,3.76320769913058e-15,914
"GSS",1991,"NH-White",NA,NA,NA,0
"GSS",1991,"NH-Black",NA,NA,NA,0
"GSS",1991,"NH-AIAN",NA,NA,NA,0
"GSS",1991,"NH-Asian/PI",NA,NA,NA,0
"GSS",1991,"Hispanic",NA,NA,NA,0
"GSS",1991,"Other",-0.0131304076875736,0.00153895792255077,5.37095324575972e-17,987
"GSS",1993,"NH-White",NA,NA,NA,0
"GSS",1993,"NH-Black",NA,NA,NA,0
"GSS",1993,"NH-AIAN",NA,NA,NA,0
"GSS",1993,"NH-Asian/PI",NA,NA,NA,0
"GSS",1993,"Hispanic",NA,NA,NA,0
"GSS",1993,"Other",-0.0101413620779912,0.00158929710572623,2.61905960692258e-10,1067
"GSS",1994,"NH-White",NA,NA,NA,0
"GSS",1994,"NH-Black",NA,NA,NA,0
"GSS",1994,"NH-AIAN",NA,NA,NA,0
"GSS",1994,"NH-Asian/PI",NA,NA,NA,0
"GSS",1994,"Hispanic",NA,NA,NA,0
"GSS",1994,"Other",-0.0116658299348022,0.00121295102039429,1.95401214910566e-21,1991
"GSS",1996,"NH-White",NA,NA,NA,0
"GSS",1996,"NH-Black",NA,NA,NA,0
"GSS",1996,"NH-AIAN",NA,NA,NA,0
"GSS",1996,"NH-Asian/PI",NA,NA,NA,0
"GSS",1996,"Hispanic",NA,NA,NA,0
"GSS",1996,"Other",-0.00853849037927821,0.0010629510125892,1.4748506862703e-15,2414
"GSS",1998,"NH-White",NA,NA,NA,0
"GSS",1998,"NH-Black",NA,NA,NA,0
"GSS",1998,"NH-AIAN",NA,NA,NA,0
"GSS",1998,"NH-Asian/PI",NA,NA,NA,0
"GSS",1998,"Hispanic",NA,NA,NA,0
"GSS",1998,"Other",-0.011617289758712,0.000971698524636948,3.5967637561419e-32,2817
"GSS",2000,"NH-White",-0.0114694300874841,0.00115793049156415,1.56180060850378e-22,1725
"GSS",2000,"NH-Black",-0.01991118213561,0.00306861460120146,3.07191295272233e-10,341
"GSS",2000,"NH-AIAN",NA,NA,NA,0
"GSS",2000,"NH-Asian/PI",NA,NA,NA,0
"GSS",2000,"Hispanic",-0.0100763594153276,0.00464393622782865,0.031394702932758,174
"GSS",2000,"Other",-0.00913097426367898,0.0074370148480462,0.22327187093752,79
"GSS",2002,"NH-White",-0.00696866030441355,0.00130904501267668,1.18497829165493e-07,1398
"GSS",2002,"NH-Black",-0.0171780796220009,0.00336737311665671,6.57376436463889e-07,258
"GSS",2002,"NH-AIAN",NA,NA,NA,0
"GSS",2002,"NH-Asian/PI",NA,NA,NA,0
"GSS",2002,"Hispanic",-0.00530154392779658,0.00523405376781361,0.312963630731129,134
"GSS",2002,"Other",-0.0321890674667792,0.011152333850518,0.00582588105867268,50
"GSS",2004,"NH-White",-0.00823216992675484,0.00157952631962101,2.27367327171113e-07,997
"GSS",2004,"NH-Black",-0.0184189186873751,0.00388355776201171,4.27482868129402e-06,182
"GSS",2004,"NH-AIAN",NA,NA,NA,0
"GSS",2004,"NH-Asian/PI",NA,NA,NA,0
"GSS",2004,"Hispanic",-0.00813086770702288,0.00593394586818668,0.173284283540281,117
"GSS",2004,"Other",-0.00336779779873152,0.011611390422727,0.772915430986236,55
"GSS",2006,"NH-White",-0.0103130691437321,0.00106898014899457,1.21350008647065e-21,2454
"GSS",2006,"NH-Black",-0.0171385667409217,0.00270056479716358,5.20664844298775e-10,471
"GSS",2006,"NH-AIAN",NA,NA,NA,0
"GSS",2006,"NH-Asian/PI",NA,NA,NA,0
"GSS",2006,"Hispanic",-0.0193167991137748,0.00317624030077195,2.51497757414301e-09,459
"GSS",2006,"Other",-0.00800710591265555,0.00750787324744909,0.288377352486023,120
"GSS",2008,"NH-White",-0.0104595774871667,0.00163920087496341,2.74834032751924e-10,951
"GSS",2008,"NH-Black",-0.0128491786185753,0.00466978403543909,0.00654862510641545,179
"GSS",2008,"NH-AIAN",NA,NA,NA,0
"GSS",2008,"NH-Asian/PI",NA,NA,NA,0
"GSS",2008,"Hispanic",-0.0147933050367748,0.00407193040053246,0.000379673929196271,158
"GSS",2008,"Other",-0.0128345305211919,0.0060083598829234,0.0369775223656829,59
"GSS",2010,"NH-White",-0.00987846112840076,0.00172503814229958,1.39910636477303e-08,897
"GSS",2010,"NH-Black",-0.0150521034594088,0.00473776875196231,0.00176067424473976,176
"GSS",2010,"NH-AIAN",NA,NA,NA,0
"GSS",2010,"NH-Asian/PI",NA,NA,NA,0
"GSS",2010,"Hispanic",-0.00174393679337601,0.00607355777213968,0.77442679901392,144
"GSS",2010,"Other",-0.00432516133024934,0.00843299056773191,0.610013241500294,59
"GSS",2012,"NH-White",-0.010533973657171,0.00183555586449509,1.32314115459802e-08,857
"GSS",2012,"NH-Black",-0.00372949754939361,0.00467395097606349,0.425895422341574,194
"GSS",2012,"NH-AIAN",NA,NA,NA,0
"GSS",2012,"NH-Asian/PI",NA,NA,NA,0
"GSS",2012,"Hispanic",-0.00870311277069165,0.00607013040206081,0.153424956221767,177
"GSS",2012,"Other",-0.00435564739917361,0.00861754069422208,0.614815548137544,73
"GSS",2014,"NH-White",-0.00617662066789334,0.00162839569755927,0.000156953553816255,1094
"GSS",2014,"NH-Black",-0.0113807814415488,0.00375638610346804,0.00269549306197896,261
"GSS",2014,"NH-AIAN",NA,NA,NA,0
"GSS",2014,"NH-Asian/PI",NA,NA,NA,0
"GSS",2014,"Hispanic",-0.0111192963885673,0.00381575472062478,0.00386881121013974,270
"GSS",2014,"Other",-0.0122399992058415,0.00595891625154348,0.0434084399406758,78
"GSS",2016,"NH-White",-0.00219193559838538,0.00154490810918387,0.156205668893884,1238
"GSS",2016,"NH-Black",-0.0109525658767716,0.00298211704394123,0.000283592444465907,305
"GSS",2016,"NH-AIAN",NA,NA,NA,0
"GSS",2016,"NH-Asian/PI",NA,NA,NA,0
"GSS",2016,"Hispanic",-0.00760025782166127,0.00392781674143669,0.0541723855862098,241
"GSS",2016,"Other",-0.00792880094689371,0.00479993123643364,0.102010392980448,93
"GSS",2018,"NH-White",-0.00389037808667623,0.00151106693639437,0.0101774765596105,1011
"GSS",2018,"NH-Black",-0.00676517726671074,0.00289815580656733,0.0203854484564615,248
"GSS",2018,"NH-AIAN",NA,NA,NA,0
"GSS",2018,"NH-Asian/PI",NA,NA,NA,0
"GSS",2018,"Hispanic",-0.0014424610267844,0.00435405070896944,0.740732477045845,227
"GSS",2018,"Other",-0.0076807085475103,0.00599058078310699,0.203546495509169,81
"GSS",2021,"NH-White",-0.00121267648810706,0.0011249312040128,0.281132135194531,2638
"GSS",2021,"NH-Black",-0.00705551512644508,0.00270544434128801,0.0094626482005533,389
"GSS",2021,"NH-AIAN",NA,NA,NA,0
"GSS",2021,"NH-Asian/PI",NA,NA,NA,0
"GSS",2021,"Hispanic",-0.00320581105273096,0.00271570614084524,0.238494198590475,414
"GSS",2021,"Other",-0.00376146384292515,0.00349001721239898,0.28215937330901,255
"GSS",2022,"NH-White",-0.00477741796817412,0.00132279004654404,0.00031147980302907,2087
"GSS",2022,"NH-Black",-0.00533447035684917,0.00361589411469505,0.140786440555673,486
"GSS",2022,"NH-AIAN",NA,NA,NA,0
"GSS",2022,"NH-Asian/PI",NA,NA,NA,0
"GSS",2022,"Hispanic",-0.00778823479590291,0.00420666407842077,0.0646602439982883,539
"GSS",2022,"Other",-0.00707502416700119,0.00456433586012565,0.122569435668574,221
"GSS",2024,"NH-White",-0.00290706890988487,0.00132479223898863,0.0283250491457849,1989
"GSS",2024,"NH-Black",-0.0105680900249573,0.00278253977601321,0.000163476145555266,511
"GSS",2024,"NH-AIAN",NA,NA,NA,0
"GSS",2024,"NH-Asian/PI",NA,NA,NA,0
"GSS",2024,"Hispanic",-0.00543576261936126,0.0030716153399848,0.0774659690470013,447
"GSS",2024,"Other",-0.0104347281974351,0.00453426476358989,0.0223234765541643,219
