survey,cohort_index,cohort_midpoint,n_cells,estimate,ci_lower,ci_upper,se,p_value,rel_to_cbar,in_primary_region
BRFSS,1,1904.5,1,-0.202196081563452,-0.2787313031658993,-0.12566085996100473,0.0390485824502282,2.2421979150384e-7,-53.185868402371625,FALSE
BRFSS,2,1912,2,-0.14790444217481,-0.19359964927411383,-0.10220923507550617,0.0233138811731142,2.2384556369653003e-10,-45.685868402371625,FALSE
BRFSS,3,1917.8333333333333,3,-0.11062784110555,-0.14108650144603116,-0.08016918076506885,0.0155401328267761,1.0886681534318998e-12,-39.85253506903837,FALSE
BRFSS,4,1923.25,4,-0.108990308874337,-0.13259169051034045,-0.08538892723833355,0.012041521242858901,1.4150910377992698e-19,-34.435868402371625,FALSE
BRFSS,5,1928.5,5,-0.0483777407145557,-0.06827583460233236,-0.02847964682677904,0.0101520887182534,1.88585880866557e-6,-29.185868402371625,FALSE
BRFSS,6,1933.6666666666667,6,0.00956190351234915,-0.00785934893904941,0.02698315596374771,0.00888839410785641,0.282028452377801,-24.019201735704883,TRUE
BRFSS,7,1938.7857142857144,7,0.0607238028625182,0.04614629204097118,0.07530131368406523,0.00743750552119746,3.22837511015725e-16,-18.900154116657177,TRUE
BRFSS,8,1943.875,8,0.0873334340504619,0.0629151737597836,0.1117516943411402,0.0124582960666726,2.3828142538993997e-12,-13.810868402371625,TRUE
BRFSS,9,1949.5,8,0.0681650032844795,0.03833187219564236,0.09799813437331664,0.0152209852494067,7.52236618701881e-6,-8.185868402371625,TRUE
BRFSS,10,1954.5,8,0.0554356410629608,0.03156585212585171,0.07930543000006987,0.012178463743423,5.31563070660855e-6,-3.185868402371625,TRUE
BRFSS,11,1959.5,8,0.0400266525972534,0.01587780897326981,0.064175496221237,0.0123208385836651,0.00115937301763062,1.814131597628375,TRUE
BRFSS,12,1964.5,8,0.0165976333229922,-0.00940840853001132,0.04260367517599572,0.013268388700512,0.210965438049581,6.814131597628375,TRUE
BRFSS,13,1969.5,8,0.00925002863672495,-0.02303268297694586,0.04153274025039576,0.0164707712314647,0.574386838711871,11.814131597628375,TRUE
BRFSS,14,1974.5,7,-0.0170532476631973,-0.04507091200702668,0.01096441668063208,0.0142947267060354,0.232879403714752,16.814131597628375,TRUE
BRFSS,15,1979.5,6,-0.0498147596264533,-0.09979598544131388,1.6646618840729377e-4,0.0255006254157452,0.0507638129268959,21.814131597628375,TRUE
BRFSS,16,1984.5,5,-0.0820148643578482,-0.11592428979273844,-0.04810543892295797,0.0173007272626991,2.13158459632957e-6,26.814131597628375,FALSE
BRFSS,17,1989.5,4,-0.00180769253345964,-0.04503368428015098,0.04141829921323171,0.0220540774217813,0.934673468858239,31.814131597628375,FALSE
BRFSS,18,1994.5,3,-0.0386843111505401,-0.09657079105341478,0.01920216875233457,0.0295339183177932,0.19025465018988,36.814131597628375,FALSE
BRFSS,19,1999.5,2,-0.0459129903657631,-0.15868855653819125,0.06686257580666505,0.0575385541696062,0.424898575130792,41.814131597628375,FALSE
BRFSS,20,2004.5,1,-0.145721458943525,-0.29690210061715505,0.00545918273010501,0.0771329804457296,0.0588619876818557,46.814131597628375,FALSE
MEPS,1,1914.5,1,-0.0569953513313054,-0.10464979416059211,-0.00934090850201867,0.024313491239432,0.0190690802486434,-48.233571388027485,FALSE
MEPS,2,1919.5,2,-0.0455688921286142,-0.07642673816013407,-0.01471104609709433,0.0157437989956734,0.00379899044853641,-43.233571388027485,FALSE
MEPS,3,1924.5,3,-0.0446466022537362,-0.0673404578504935,-0.0219527466569789,0.0115784977534476,1.15276977192146e-4,-38.233571388027485,FALSE
MEPS,4,1929.5,4,-0.0328330039486757,-0.05129547353335915,-0.01437053436399225,0.00941962733912421,4.91090976229795e-4,-33.233571388027485,FALSE
MEPS,5,1934.5,5,0.00113870887132536,-0.01641891597962931,0.01869633372228004,0.00895797186273198,0.898847998096396,-28.233571388027485,FALSE
MEPS,6,1939.5,5,0.0323471044044295,0.01708336318032796,0.04761084562853103,0.00778762307352119,3.27265781935085e-5,-23.233571388027485,TRUE
MEPS,7,1944.5,5,0.0435592487695562,0.03074043423373715,0.05637806330537524,0.00654021149786686,2.7373013730257097e-11,-18.233571388027485,TRUE
MEPS,8,1949.5,5,0.0242164971064136,0.01278306095717899,0.0356499332556482,0.00583338579042582,3.30563044403157e-5,-13.233571388027485,TRUE
MEPS,9,1954.5,5,0.00306037859058982,-0.00770614628781913,0.01382690346899877,0.00549312493796375,0.577439648437314,-8.233571388027485,TRUE
MEPS,10,1959.5,5,0.0123018548358066,0.0016908145805874,0.02291289509102579,0.00541379604858122,0.0230679070040573,-3.2335713880274852,TRUE
MEPS,11,1964.5,5,0.00928352535795563,-0.00139781793716153,0.01996486865307279,0.00544966494648835,0.0884745040741991,1.7664286119725148,TRUE
MEPS,12,1969.5,5,0.00398197758632236,-0.00650935245885308,0.0144733076314978,0.0053527194108038,0.456927234546031,6.766428611972515,TRUE
MEPS,13,1974.5,5,-0.0042262415459576,-0.01490781180257086,0.00645532871065566,0.00544978074317003,0.438051546998583,11.766428611972515,TRUE
MEPS,14,1979.5,5,-0.00791642018821856,-0.01857383042513929,0.00274099004870217,0.00543745420251058,0.145419406933171,16.766428611972515,TRUE
MEPS,15,1984.5,4,-0.00377456742088441,-0.01598633581444341,0.00843720097267459,0.00623049407834643,0.544633580602359,21.766428611972515,TRUE
MEPS,16,1989.5,3,1.98254208598245e-5,-0.01429458531408401,0.01433423615580365,0.00730327078313461,0.997834070587577,26.766428611972515,FALSE
MEPS,17,1994.5,2,-0.0557843407222662,-0.07672356280756218,-0.03484511863697022,0.0106832765741306,1.77413624296353e-7,31.766428611972515,FALSE
MEPS,18,1999.5,1,-0.0487207359311788,-0.08698289667379314,-0.01045857518856446,0.0195215105829665,0.0125696048485331,36.766428611972515,FALSE
NHIS,1,1894.5,1,0.0393138494311381,-0.04013466540409457,0.11876236426637075,0.0405349565485881,0.3321087959647,-61.16164161945926,FALSE
NHIS,2,1899.5,2,-0.0258879520439642,-0.0662973642050111,0.0145214601170827,0.0206170470209423,0.209240254826578,-56.16164161945926,FALSE
NHIS,3,1904.5,3,-0.00976480497857096,-0.03833382737015747,0.01880421741301555,0.0145760318324421,0.502907553057701,-51.16164161945926,FALSE
NHIS,4,1909.5,4,-0.0737096136350494,-0.09493847328984407,-0.05248075398025471,0.010831050844283,1.0079344925551099e-11,-46.16164161945926,FALSE
NHIS,5,1914.5,5,-0.089933241495799,-0.1064792548245858,-0.0733872281670122,0.00844184353509531,1.68573227783738e-26,-41.16164161945926,FALSE
NHIS,6,1919.5,6,-0.056458660773328,-0.07068675078476289,-0.04223057076189311,0.00725922959767086,7.40004815357393e-15,-36.16164161945926,FALSE
NHIS,7,1924.5,7,-0.037893656623735,-0.0502537436401367,-0.02553356960733329,0.00630616684510291,1.8671592880292e-9,-31.16164161945926,FALSE
NHIS,8,1929.5,8,0.00175385172402289,-0.01019473433688813,0.01370243778493391,0.00609621737801583,0.773580183927545,-26.16164161945926,TRUE
NHIS,9,1934.5,9,0.0317477091662997,0.02077990638793563,0.04271551194466377,0.0055958177440633,1.39948792466864e-8,-21.16164161945926,TRUE
NHIS,10,1939.5,9,0.0653185926705085,0.05553253057420328,0.07510465476681372,0.00499288882464552,4.16810157183348e-39,-16.16164161945926,TRUE
NHIS,11,1944.5,9,0.0673228563633823,0.05891057017424427,0.07573514255252033,0.00429198274956022,1.90590835776895e-55,-11.16164161945926,TRUE
NHIS,12,1949.5,9,0.0659708702931982,0.05841462263993748,0.07352711794645893,0.00385522839452078,1.2175373303766401e-65,-6.16164161945926,TRUE
NHIS,13,1954.5,9,0.0317615546844399,0.02471522026288331,0.03880788910599649,0.00359506858242683,1.00381583482649e-18,-1.1616416194592603,TRUE
NHIS,14,1959.5,9,0.015506921110445,0.00863586114861678,0.02237798107227322,0.00350564283766746,9.71560724499938e-6,3.8383583805407397,TRUE
NHIS,15,1964.5,8,-0.00725058663320619,-0.01428955727915363,-2.116159872587427e-4,0.00359131155405482,0.0434951847736829,8.83835838054074,TRUE
NHIS,16,1969.5,7,-0.0233182879505498,-0.03100223260180212,-0.01563434329929747,0.00392037992410833,2.7153146664083703e-9,13.83835838054074,TRUE
NHIS,17,1974.5,6,-0.0261301054416454,-0.03449845762824102,-0.01776175325504978,0.00426956744214062,9.35411481332767e-10,18.83835838054074,TRUE
NHIS,18,1979.5,5,-0.0501717129352658,-0.05907575902570915,-0.04126766684482245,0.00454288065838946,2.346493679553789e-28,23.83835838054074,TRUE
NHIS,19,1984.5,4,-0.0423702466625502,-0.05228559282599211,-0.03245490049910829,0.00505885008338873,5.50327502486387e-17,28.83835838054074,FALSE
NHIS,20,1989.5,3,-0.0612226216806012,-0.07278933589101047,-0.04965590747019192,0.00590138480122922,3.2504481491829396e-25,33.83835838054074,FALSE
NHIS,21,1994.5,2,-0.0457627281320114,-0.06098779817228485,-0.03053765809173794,0.00776789287769054,3.83297065478712e-9,38.83835838054074,FALSE
NHIS,22,1999.5,1,-0.0488724457671092,-0.07125953046704743,-0.02648536106717098,0.0114219819897644,1.87905702210223e-5,43.83835838054074,FALSE
CPS,1,1909.5,1,-0.130088566365622,-0.16324150439826288,-0.09693562833298112,0.0169147643023678,1.46219544874981e-14,-54.24379777949048,FALSE
CPS,2,1914.5,2,-0.116340497338585,-0.13621485448730353,-0.09646614018986643,0.0101399781371013,1.7958071780673597e-30,-49.24379777949048,FALSE
CPS,3,1919.5,3,-0.098629074309349,-0.1101963096671519,-0.08706183895154611,0.00590165069275658,1.0753261886922098e-62,-44.24379777949048,FALSE
CPS,4,1924.5,4,-0.0668392428707889,-0.07632609849123201,-0.0573523872503458,0.00484023245940975,2.251790026495109e-43,-39.24379777949048,FALSE
CPS,5,1929.5,5,-0.0301138551957491,-0.0381494773208739,-0.02207823307062429,0.00409980720669633,2.0551128414741005e-13,-34.24379777949048,FALSE
CPS,6,1934.5,6,9.49527424584805e-5,-0.00706410354568116,0.00725400903059812,0.00365257973884676,0.979260469247282,-29.243797779490478,FALSE
CPS,7,1939.5,7,0.0407084992114134,0.03235298787805002,0.04906401054477678,0.00426301598640989,1.30744109543419e-21,-24.243797779490478,TRUE
CPS,8,1944.5,7,0.0636908175425554,0.05653313609256525,0.07084849899254554,0.0036518782908113,4.08577375663711e-68,-19.243797779490478,TRUE
CPS,9,1949.5,7,0.0501322066476959,0.04427507038445209,0.05598934291093972,0.00298833482818562,3.6780674245308603e-63,-14.243797779490478,TRUE
CPS,10,1954.5,7,0.0342871541616937,0.02904480506553307,0.03952950325785432,0.0026746679062044,1.28216473459792e-37,-9.243797779490478,TRUE
CPS,11,1959.5,7,0.0261209082243358,0.02118086015886808,0.03106095628980351,0.00252043268646312,3.630911884654459e-25,-4.243797779490478,TRUE
CPS,12,1964.5,7,0.0221730453471929,0.0173811848219728,0.02696490587241299,0.00244482679858168,1.19759572347472e-19,0.7562022205095218,TRUE
CPS,13,1969.5,7,0.0282791370431789,0.02349318901313069,0.0330650850732271,0.00244181021941235,5.137418066361789e-31,5.756202220509522,TRUE
CPS,14,1974.5,7,0.0146373890036734,0.01000181877098153,0.01927295923636527,0.00236508685341422,6.05750074782369e-10,10.756202220509522,TRUE
CPS,15,1979.5,6,-0.00965088839902127,-0.01456336161286645,-0.00473841518517608,0.00250636388461489,1.17853106259546e-4,15.756202220509522,TRUE
CPS,16,1984.5,5,-0.0282651153996811,-0.033666711264296,-0.0228635195350662,0.00275591625745658,1.11119403554869e-24,20.756202220509522,TRUE
CPS,17,1989.5,4,-0.0419157514478737,-0.04815660415226252,-0.03567489874348487,0.00318410852264736,1.41597766820826e-39,25.756202220509522,FALSE
CPS,18,1994.5,3,-0.0698835694428939,-0.07795799946174127,-0.06180913942404652,0.00411960715247315,1.5341988851396898e-64,30.756202220509522,FALSE
CPS,19,1999.5,2,-0.103560556948243,-0.1150547179762252,-0.0920663959202608,0.00586436787141949,8.688841112516057e-70,35.75620222050952,FALSE
CPS,20,2004.5,1,-0.100525049884991,-0.12123382342396125,-0.07981627634602076,0.0105657007851889,1.83075469659992e-21,40.75620222050952,FALSE
NHANES,1,1924.5,1,-0.172315180389341,-0.2520364349507774,-0.0925939258279046,0.0406741094701206,2.27352859642524e-5,-39.02959810235848,FALSE
NHANES,2,1929.5,2,-0.104409630574328,-0.16373434224918923,-0.04508491889946679,0.0302677100381945,5.61893419389371e-4,-34.02959810235848,FALSE
NHANES,3,1934.5,3,-0.0271703915276572,-0.07510002170658313,0.02075923865126873,0.0244538929484316,0.266535111253577,-29.029598102358477,FALSE
NHANES,4,1939.5,4,0.00605621417339382,-0.03421676422559604,0.04632919257238368,0.0205474379586683,0.768191106877892,-24.029598102358477,TRUE
NHANES,5,1944.3,5,0.0609395207337744,0.02339037973475145,0.09848866173279734,0.0191577249995015,0.00146866763354843,-19.229598102358523,TRUE
NHANES,6,1949.3,5,0.0467643282618356,0.01269077945312024,0.08083787707055096,0.017384463677916,0.00714683501955856,-14.229598102358523,TRUE
NHANES,7,1954.3,5,0.0395911417315518,0.00704676287640932,0.07213552058669429,0.0166042749260931,0.017110036766972,-9.229598102358523,TRUE
NHANES,8,1959.3,5,0.0015267772987494,-0.02954265446125082,0.03259620905874962,0.0158517508979593,0.923269891056321,-4.229598102358523,TRUE
NHANES,9,1964.3,5,-0.0175289017641391,-0.05051799626176494,0.01546019273348674,0.016831170662054,0.297668351153495,0.7704018976414773,TRUE
NHANES,10,1969.3,5,0.0150147888244691,-0.0160936014348281,0.04612317908376631,0.0158716276833149,0.344144660765329,5.770401897641477,TRUE
NHANES,11,1974.3,5,-0.0181851856277086,-0.05147392731624788,0.01510355606083068,0.0169840518819078,0.284298658476965,10.770401897641477,TRUE
NHANES,12,1979.3,5,-0.0111394981552221,-0.04104736357393167,0.01876836726348747,0.0152591150095457,0.465378966341575,15.770401897641477,TRUE
NHANES,13,1984.25,4,-0.00147776506166105,-0.03596049751026174,0.03300496738693963,0.0175932308411228,0.93305968196476,20.720401897641523,TRUE
NHANES,14,1989.1666666666667,3,-0.0554396863292063,-0.09290448888794647,-0.01797488377046613,0.0191146951830307,0.00372844508993695,25.637068564308265,FALSE
NHANES,15,1994,2,-0.032279686309516,-0.09057336487865278,0.02601399225962078,0.0297416727393555,0.277777123144996,30.470401897641523,FALSE
NHANES,16,1998.5,1,0.0902953947641359,-0.00580931787215222,0.186400107400424,0.0490330166511674,0.0655494996946381,34.97040189764152,FALSE
GSS,1,1884.5,1,0.116921269357849,-0.22958483667540097,0.4634273753910989,0.176788829608801,0.508383409546989,-67.18822232024695,FALSE
GSS,2,1889.5,2,-0.0309577481686427,-0.2105327734677318,0.14861727713044642,0.0916199108668822,0.735444899854141,-62.18822232024695,FALSE
GSS,3,1894.5,3,-0.112767665304063,-0.2329988617696157,0.00746353116148969,0.0613424471763024,0.0660190266591403,-57.18822232024695,FALSE
GSS,4,1899.5,4,-0.112522571204702,-0.20294682448484705,-0.02209831792455698,0.0461348231021148,0.014731255342986,-52.18822232024695,FALSE
GSS,5,1904.5,5,-0.122270458102831,-0.1945426534051259,-0.04999826280053614,0.0368735690317831,9.1393694192829e-4,-47.18822232024695,FALSE
GSS,6,1909.5,6,-0.0691740223012825,-0.1274781961080641,-0.01086984849450088,0.0297470274524396,0.0200535910799422,-42.18822232024695,FALSE
GSS,7,1914.5,7,-0.0763085797174154,-0.1275413715609266,-0.02507578787390423,0.0261391795119955,0.00350936458915461,-37.18822232024695,FALSE
GSS,8,1919.5,8,-0.0549575911145574,-0.0995173568917328,-0.01039782533738199,0.0227345743761099,0.0156368025686244,-32.18822232024695,FALSE
GSS,9,1924.5,9,-0.0123497806877921,-0.05528133870936625,0.03058177733378205,0.0219038561334562,0.572880475692946,-27.18822232024695,TRUE
GSS,10,1929.5,10,0.0625531269141784,0.0235304716395684,0.1015757821887884,0.01990951799725,0.00167958907029031,-22.18822232024695,TRUE
GSS,11,1934.5,11,0.0534099042970229,0.01435383768408461,0.09246597090996118,0.0199265645984379,0.00735694415529961,-17.18822232024695,TRUE
GSS,12,1939.5,11,0.105689689377471,0.0745978931959797,0.1367814855589623,0.0158631613170874,2.71508794644266e-11,-12.18822232024695,TRUE
GSS,13,1944.5,11,0.101855456459964,0.073847146321830745,0.12986376659809723,0.0142899541521088,1.03227207060035e-12,-7.18822232024695,TRUE
GSS,14,1949.5,11,0.0926372639530127,0.0699768952945269,0.11529763261149847,0.0115614125808601,1.1441442217999101e-15,-2.1882223202469504,TRUE
GSS,15,1954.5,10,0.0453945828552942,0.02138370324941969,0.0694054624611687,0.0122504487785074,2.1113812289081e-4,2.8117776797530496,TRUE
GSS,16,1959.5,9,0.042649092837803,0.01820983789039181,0.06708834778521419,0.0124690076262302,6.25714666090832e-4,7.81177767975305,TRUE
GSS,17,1964.5,8,-0.0123301477761197,-0.0385998501038541,0.0139395545516147,0.0134029093508849,0.35759730445239,12.81177767975305,TRUE
GSS,18,1969.5,7,-0.0307533584606009,-0.06186099954259462,3.54282621392827e-4,0.0158712454499968,0.0526675303354943,17.81177767975305,TRUE
GSS,19,1974.5,6,-0.0801849472695536,-0.11209213664834478,-0.0482777578907624,0.0162791782544853,8.43328797179578e-7,22.81177767975305,TRUE
GSS,20,1979.5,5,-0.0642694215670028,-0.09893602074602516,-0.02960282238798042,0.0176870403974604,2.79631684710651e-4,27.81177767975305,TRUE
GSS,21,1984.5,4,-0.118479963456317,-0.1594572537244207,-0.0775026731882133,0.0209067807490325,1.45974119838679e-8,32.81177767975305,FALSE
GSS,22,1989.5,3,-0.164961545064505,-0.21383513219524547,-0.11608795793376452,0.0249355036381329,3.7351702777122594e-11,37.81177767975305,FALSE
GSS,23,1994.5,2,-0.142116585528119,-0.20535570032793335,-0.07887747072830466,0.0322648544897012,1.06131079631665e-5,42.81177767975305,FALSE
GSS,24,1999.5,1,-0.138672500075823,-0.21364561164943824,-0.06369938850220774,0.0382515875375588,2.88908206646855e-4,47.81177767975305,FALSE
