survey,cohort_grid,estimate,ci_lower_90,ci_upper_90,n_bin,birth_year,rel_to_cbar,in_primary_region
BRFSS,1904,-0.0566089747548877,-0.199070591999064,0.0809872084513708,148,1905.1490796564585,-52.5367887459131,FALSE
BRFSS,1908,-0.200226519565345,-0.312352592862226,-0.0899540127769441,404,1909.1490796564585,-48.5367887459131,FALSE
BRFSS,1912,-0.244794557858937,-0.339694117100158,-0.15098492181589,775,1913.1490796564585,-44.5367887459131,FALSE
BRFSS,1916,-0.148681880107952,-0.234825215072579,-0.0651963214114645,1345,1917.1490796564585,-40.5367887459131,FALSE
BRFSS,1920,-0.107118470525996,-0.181383545846115,-0.0352150148225408,3774,1921.1490796564585,-36.5367887459131,FALSE
BRFSS,1924,-0.0148037110542148,-0.0862821034210531,0.0546737740249498,3749,1925.1490796564585,-32.5367887459131,FALSE
BRFSS,1928,0.015412483883099,-0.0485325405956018,0.0790721097752845,7469,1929.1490796564585,-28.5367887459131,FALSE
BRFSS,1932,0.0677075874192427,0.00560166764171472,0.129695955658826,5360,1933.1490796564585,-24.5367887459131,TRUE
BRFSS,1936,0.109881881464159,0.0524120383673331,0.166710683388968,11729,1937.1490796564585,-20.5367887459131,TRUE
BRFSS,1940,0.187767381976688,0.13092153060063,0.24482971461125,8007,1941.1490796564585,-16.5367887459131,TRUE
BRFSS,1944,0.18558779870468,0.133810774214288,0.238790124908514,18081,1945.1490796564585,-12.5367887459131,TRUE
BRFSS,1948,0.191985768126499,0.1401804157839,0.243846937153073,13514,1949.1490796564585,-8.5367887459131,TRUE
BRFSS,1952,0.179990711293129,0.130086171668957,0.231307645814687,21594,1953.1490796564585,-4.5367887459131,TRUE
BRFSS,1956,0.151155256943871,0.100721049191108,0.20307295483478,12521,1957.1490796564585,-0.5367887459130998,TRUE
BRFSS,1960,0.150575801165605,0.100449744887823,0.202108425544317,19743,1961.1490796564585,3.4632112540869002,TRUE
BRFSS,1964,0.100170741598879,0.0474229021932869,0.154860897704815,9408,1965.1490796564585,7.4632112540869,TRUE
BRFSS,1968,0.0709540749962232,0.0193043070108169,0.125594398104492,14824,1969.1490796564585,11.4632112540869,TRUE
BRFSS,1972,0.0446860394467091,-0.0116136184764448,0.103277230024236,8519,1973.1490796564585,15.4632112540869,TRUE
BRFSS,1976,0.0134491723898528,-0.0439436377602505,0.0735415634826528,11089,1977.1490796564585,19.4632112540869,TRUE
BRFSS,1980,-0.0394658478771563,-0.10180790225358,0.0258369062910584,5549,1981.1490796564585,23.4632112540869,TRUE
BRFSS,1984,-0.0491850958786502,-0.11435957204111,0.0181588414138329,7787,1985.1490796564585,27.4632112540869,TRUE
BRFSS,1988,-0.0793838710004013,-0.148769187156371,-0.00604921136024854,4466,1989.1490796564585,31.4632112540869,FALSE
BRFSS,1992,-0.112461528682743,-0.186407674636353,-0.0352255129257451,4412,1993.1490796564585,35.4632112540869,FALSE
BRFSS,1996,-0.0875164996450435,-0.168419485727134,-0.00303388386742948,2771,1997.1490796564585,39.4632112540869,FALSE
BRFSS,2000,-0.116325569424843,-0.204273884715124,-0.026770137452635,1923,2001.1490796564585,43.4632112540869,FALSE
BRFSS,2004,-0.211141253313505,-0.306858558411327,-0.110117978282062,1073,2005.1490796564585,47.4632112540869,FALSE
MEPS,1912,-0.184598894699318,-0.299740109428546,-0.0729242525317172,335,1913.4579018460154,-50.143639001450765,FALSE
MEPS,1916,-0.146618690115353,-0.237163020057979,-0.0600181941844659,1260,1917.4579018460154,-46.143639001450765,FALSE
MEPS,1920,-0.147816033373705,-0.22695411157717,-0.0700413255084931,2471,1921.4579018460154,-42.143639001450765,FALSE
MEPS,1924,-0.112471668686785,-0.192698838523076,-0.0339131888016416,1549,1925.4579018460154,-38.143639001450765,FALSE
MEPS,1928,-0.103773895679372,-0.172745893645875,-0.0358544576883987,5055,1929.4579018460154,-34.143639001450765,FALSE
MEPS,1932,-8.3328560964584e-4,-0.0660164555135748,0.0628614576035384,4384,1933.4579018460154,-30.143639001450765,FALSE
MEPS,1936,0.0296492842611998,-0.0291416499808296,0.0888114637953835,7840,1937.4579018460154,-26.143639001450765,TRUE
MEPS,1940,0.0519228399167837,-0.00644503282896338,0.110210869271744,5594,1941.4579018460154,-22.143639001450765,TRUE
MEPS,1944,0.109153293617961,0.0558618219330372,0.162812515091118,12903,1945.4579018460154,-18.143639001450765,TRUE
MEPS,1948,0.12830160659648,0.0768930831071468,0.181018256593076,9720,1949.4579018460154,-14.143639001450765,TRUE
MEPS,1952,0.119697693953979,0.0700694910389495,0.169640107587065,17565,1953.4579018460154,-10.143639001450765,TRUE
MEPS,1956,0.138680768194834,0.0894383216641743,0.188881990548487,12558,1957.4579018460154,-6.143639001450765,TRUE
MEPS,1960,0.120807743126524,0.0728476722623945,0.170465348939457,19177,1961.4579018460154,-2.143639001450765,TRUE
MEPS,1964,0.10630684034843,0.055136668012651,0.157661460017526,9961,1965.4579018460154,1.8563609985492349,TRUE
MEPS,1968,0.082385420964847,0.0304687633921341,0.133973948791553,18035,1969.4579018460154,5.856360998549235,TRUE
MEPS,1972,0.08560501992095,0.0323902264445061,0.140990412700006,10228,1973.4579018460154,9.856360998549235,TRUE
MEPS,1976,0.0470841742667041,-0.0079336369600878,0.103495232659041,16311,1977.4579018460154,13.856360998549235,TRUE
MEPS,1980,0.0240812387785054,-0.0345088538442858,0.0849590771134043,10959,1981.4579018460154,17.856360998549235,TRUE
MEPS,1984,0.0332704343999073,-0.0282021689092572,0.0963657873895686,13286,1985.4579018460154,21.856360998549235,TRUE
MEPS,1988,0.0428904579191489,-0.0227831098189988,0.111286345289885,9692,1989.4579018460154,25.856360998549235,TRUE
MEPS,1992,0.0241758812888889,-0.0467704286704999,0.0979516764054622,6474,1993.4579018460154,29.856360998549235,FALSE
MEPS,1996,-0.0332256727846716,-0.110943616030344,0.0454570701958834,3309,1997.4579018460154,33.856360998549235,FALSE
MEPS,2000,-0.0633963983488513,-0.152768249420718,0.0262191369151907,1099,2001.4579018460154,37.856360998549235,FALSE
MEPS,2004,-0.361459263664152,-0.512366636970565,-0.217537099369021,125,2005.4579018460154,41.856360998549235,FALSE
NHIS,1896,0.010205242150735,-0.0955203618578782,0.116492900501617,34,1897.3497634801279,-59.26167675784677,FALSE
NHIS,1900,-0.0125497935159007,-0.0884254097689658,0.0615585179063049,390,1901.3497634801279,-55.26167675784677,FALSE
NHIS,1904,-0.0225500030286643,-0.0791307453614686,0.0329956900941203,1141,1905.3497634801279,-51.26167675784677,FALSE
NHIS,1908,-0.0816248457825734,-0.151168423682106,-0.0138587453533122,593,1909.3497634801279,-47.26167675784677,FALSE
NHIS,1912,-0.113698519473423,-0.160153747621882,-0.0680058074665161,2897,1913.3497634801279,-43.26167675784677,FALSE
NHIS,1916,-0.107012051465713,-0.151004173520743,-0.0630322753904207,3007,1917.3497634801279,-39.26167675784677,FALSE
NHIS,1920,-0.0528025241449091,-0.0909068320509707,-0.0150079205612343,5577,1921.3497634801279,-35.26167675784677,FALSE
NHIS,1924,0.0105099104462973,-0.0277715506847912,0.049524427024242,4260,1925.3497634801279,-31.26167675784677,FALSE
NHIS,1928,0.0241566211109551,-0.00971317614295921,0.0587513827822418,7828,1929.3497634801279,-27.26167675784677,TRUE
NHIS,1932,0.0393993067079452,0.00339276908998217,0.075812891340691,4442,1933.3497634801279,-23.26167675784677,TRUE
NHIS,1936,0.0830551032934913,0.0525287823392955,0.114058365864693,9829,1937.3497634801279,-19.26167675784677,TRUE
NHIS,1940,0.110806623314904,0.0801814625767162,0.141721819410498,8305,1941.3497634801279,-15.261676757846772,TRUE
NHIS,1944,0.0994220813055319,0.071926101071742,0.127993539038837,14810,1945.3497634801279,-11.261676757846772,TRUE
NHIS,1948,0.097239021195669,0.0679244313997008,0.12708083437815,9416,1949.3497634801279,-7.261676757846772,TRUE
NHIS,1952,0.0776472572513746,0.0503832590411657,0.104935287644411,19433,1953.3497634801279,-3.2616767578467716,TRUE
NHIS,1956,0.0671812175129972,0.0387941943739434,0.0961249380264288,12692,1957.3497634801279,0.7383232421532284,TRUE
NHIS,1960,0.0391464674964275,0.0118243545732547,0.0667187567442954,19973,1961.3497634801279,4.738323242153228,TRUE
NHIS,1964,0.00594985066584611,-0.0235405978912712,0.0356373347362773,12758,1965.3497634801279,8.738323242153228,TRUE
NHIS,1968,0.00431580133071867,-0.024767357317693,0.0334777725834381,15840,1969.3497634801279,12.738323242153228,TRUE
NHIS,1972,-0.0104234043030953,-0.0425774622101089,0.0224623952292974,8626,1973.3497634801279,16.73832324215323,TRUE
NHIS,1976,-0.0138192113748589,-0.0470531114763824,0.019738497606852,10578,1977.3497634801279,20.73832324215323,TRUE
NHIS,1980,-0.0286304200647806,-0.064741677373338,0.00764504335998342,7218,1981.3497634801279,24.73832324215323,TRUE
NHIS,1984,-0.0240747504975432,-0.0602968774903058,0.0127679234372541,7673,1985.3497634801279,28.73832324215323,FALSE
NHIS,1988,-0.0347916817176057,-0.0751060752032084,0.00491582915287054,5341,1989.3497634801279,32.73832324215323,FALSE
NHIS,1992,-0.0190660170065594,-0.0621014379322984,0.0242353134882499,4001,1993.3497634801279,36.73832324215323,FALSE
NHIS,1996,-0.0244001612467741,-0.0741852500681345,0.0261343813354102,2019,1997.3497634801279,40.73832324215323,FALSE
NHIS,2000,-0.0645004971434073,-0.135252046225197,0.00359634798391977,524,2001.3497634801279,44.73832324215323,FALSE
NHIS,2004,-0.0678635436012211,-0.164644413772849,0.0242044375427962,144,2005.3497634801279,48.73832324215323,FALSE
CPS,1908,-0.0565862179538455,-0.210501829201106,0.088061171737319,35,1909.482908744771,-55.32384459307127,FALSE
CPS,1912,-0.104800295392422,-0.201999332026901,-0.00994168012594222,380,1913.482908744771,-51.32384459307127,FALSE
CPS,1916,-0.172629930833572,-0.25416901069059,-0.0921932101594434,945,1917.482908744771,-47.32384459307127,FALSE
CPS,1920,-0.20595062620875,-0.272734678674927,-0.139989109536603,2500,1921.482908744771,-43.32384459307127,FALSE
CPS,1924,-0.12992434123168,-0.194946798659231,-0.0657338734376537,1847,1925.482908744771,-39.32384459307127,FALSE
CPS,1928,-0.0906127624229143,-0.146060745298018,-0.0348044127159874,4638,1929.482908744771,-35.32384459307127,FALSE
CPS,1932,0.00684041186000492,-0.0455616572034555,0.0604759947069578,4018,1933.482908744771,-31.32384459307127,FALSE
CPS,1936,0.0367288799565146,-0.0114273085401977,0.0849148861398968,7079,1937.482908744771,-27.32384459307127,TRUE
CPS,1940,0.0681529016422005,0.0192769206979727,0.117023227648567,4557,1941.482908744771,-23.32384459307127,TRUE
CPS,1944,0.089220172137247,0.0470027771490436,0.13298910634559,11179,1945.482908744771,-19.32384459307127,TRUE
CPS,1948,0.106735848314638,0.0655802516329771,0.148760536016954,8813,1949.482908744771,-15.323844593071271,TRUE
CPS,1952,0.122286977907262,0.0835391393315424,0.162619941760513,16672,1953.482908744771,-11.323844593071271,TRUE
CPS,1956,0.110630425287609,0.0712652691341716,0.150713564061119,12513,1957.482908744771,-7.3238445930712714,TRUE
CPS,1960,0.105430763381882,0.067758024720692,0.145898474694682,20090,1961.482908744771,-3.3238445930712714,TRUE
CPS,1964,0.0654999351209636,0.0247591286654127,0.107252639312525,10268,1965.482908744771,0.6761554069287286,TRUE
CPS,1968,0.0908936471790667,0.0510663312242922,0.132985230350127,18970,1969.482908744771,4.6761554069287286,TRUE
CPS,1972,0.0795448110050445,0.0367306165173598,0.124125247230012,11846,1973.482908744771,8.676155406928729,TRUE
CPS,1976,0.0260863630394111,-0.0182475817302683,0.0719170202416325,16703,1977.482908744771,12.676155406928729,TRUE
CPS,1980,0.00942578914872414,-0.0378086804152137,0.0579540457005203,10370,1981.482908744771,16.67615540692873,TRUE
CPS,1984,0.00756304352507011,-0.0425025207572704,0.0581707380003155,12905,1985.482908744771,20.67615540692873,TRUE
CPS,1988,0.019251768332532702,-0.034850854086573,0.0748612223058401,8286,1989.482908744771,24.67615540692873,TRUE
CPS,1992,-0.0171995631770289,-0.0749997689359976,0.041044924667869,7029,1993.482908744771,28.67615540692873,FALSE
CPS,1996,-0.00195217290631937,-0.0658193619157111,0.0620689524871558,4339,1997.482908744771,32.67615540692873,FALSE
CPS,2000,-0.0488768692008625,-0.11802013306296,0.0205687313354165,2578,2001.482908744771,36.67615540692873,FALSE
CPS,2004,-0.0947424573755713,-0.170630239000982,-0.0190709252301853,1045,2005.482908744771,40.67615540692873,FALSE
NHANES,1916,-0.0231462401486133,-0.107936131766863,0.0546618072645775,129,1918.0278570196506,-45.77308371037725,FALSE
NHANES,1920,-0.137572091716525,-0.222358888412157,-0.059376983843568,630,1922.0278570196506,-41.77308371037725,FALSE
NHANES,1924,-0.0311258009299978,-0.0955678254765997,0.0283636983576426,863,1926.0278570196506,-37.77308371037725,FALSE
NHANES,1928,-0.0373976870340618,-0.0860962137496393,0.00815416802577075,2472,1930.0278570196506,-33.77308371037725,FALSE
NHANES,1932,0.00864724913565982,-0.0344420810388867,0.0528912889368153,2808,1934.0278570196506,-29.77308371037725,FALSE
NHANES,1936,-0.0060802454948547,-0.0446761858693869,0.0329594315055494,4147,1938.0278570196506,-25.77308371037725,TRUE
NHANES,1940,0.0315800991517177,-0.011809668492328,0.0773357930834318,2245,1942.0278570196506,-21.77308371037725,TRUE
NHANES,1944,0.0500596851236001,0.0144801643777863,0.0876560430497972,4732,1946.0278570196506,-17.77308371037725,TRUE
NHANES,1948,0.0365958186400065,3.26556432041222e-5,0.0756180010652098,4187,1950.0278570196506,-13.77308371037725,TRUE
NHANES,1952,0.0430092201971827,0.00947861381108009,0.0799030859197444,6254,1954.0278570196506,-9.77308371037725,TRUE
NHANES,1956,0.0487678270200463,0.0108411682343032,0.0888185150935966,3640,1958.0278570196506,-5.77308371037725,TRUE
NHANES,1960,0.0313785484623215,-0.00236513042592596,0.0680744293790491,6111,1962.0278570196506,-1.77308371037725,TRUE
NHANES,1964,0.0379097441037665,-9.9167307331776e-4,0.0796592738992549,3611,1966.0278570196506,2.22691628962275,TRUE
NHANES,1968,0.0432036045276688,0.0100179798633916,0.0788145759339877,5846,1970.0278570196506,6.22691628962275,TRUE
NHANES,1972,0.0506599277029946,0.0129511405981859,0.0907802090759032,3709,1974.0278570196506,10.22691628962275,TRUE
NHANES,1976,-0.0125414481149944,-0.0474397854796698,0.0234200301263785,5610,1978.0278570196506,14.22691628962275,TRUE
NHANES,1980,-0.0395199144542489,-0.0784790132540507,-0.00292190645457142,4119,1982.0278570196506,18.22691628962275,TRUE
NHANES,1984,-0.00280408529324174,-0.0397049661856356,0.0349062899657637,5270,1986.0278570196506,22.22691628962275,TRUE
NHANES,1988,-0.0382416204856558,-0.0799496603152991,0.00271984796970918,3790,1990.0278570196506,26.22691628962275,TRUE
NHANES,1992,-0.0445480436312884,-0.091589398022836,0.00155729921119768,2790,1994.0278570196506,30.22691628962275,FALSE
NHANES,1996,-0.0121949826700603,-0.0638664837631823,0.0389010934881829,1905,1998.0278570196506,34.22691628962275,FALSE
NHANES,2000,0.00122877231219781,-0.0637873911281388,0.0647704689174793,499,2002.0278570196506,38.22691628962275,FALSE
GSS,1884,0.0239623430837128,-0.139656167961877,0.191053943820093,24,1885.7194370694292,-66.38922727193858,FALSE
GSS,1888,-0.0243883532052594,-0.141664071721235,0.0952152044704171,100,1889.7194370694292,-62.38922727193858,FALSE
GSS,1892,-0.0915631989007238,-0.20557423099423,0.0226189890319594,115,1893.7194370694292,-58.38922727193858,FALSE
GSS,1896,-0.0972251634561141,-0.179884947839051,-0.014932925871653,369,1897.7194370694292,-54.38922727193858,FALSE
GSS,1900,-0.193715282251076,-0.275315427110042,-0.112716252493809,378,1901.7194370694292,-50.38922727193858,FALSE
GSS,1904,-0.149997649012975,-0.214201866583636,-0.086791033357401,846,1905.7194370694292,-46.38922727193858,FALSE
GSS,1908,-0.0692765471065389,-0.13267101543437,-0.00674190272431776,919,1909.7194370694292,-42.38922727193858,FALSE
GSS,1912,-0.066768916720976,-0.122872089033473,-0.0110708944853567,1587,1913.7194370694292,-38.38922727193858,FALSE
GSS,1916,-0.0740694882116257,-0.136629563746249,-0.0113406713874261,837,1917.7194370694292,-34.38922727193858,FALSE
GSS,1920,0.0165125714550038,-0.0354370861174095,0.0688794279977957,2233,1921.7194370694292,-30.38922727193858,TRUE
GSS,1924,0.0712561193923766,0.0176548033237881,0.124338945292825,1664,1925.7194370694292,-26.38922727193858,TRUE
GSS,1928,0.104240707038429,0.0554299099376957,0.154086848554289,2413,1929.7194370694292,-22.38922727193858,TRUE
GSS,1932,0.107133711254483,0.0549253730040489,0.158922725255337,1596,1933.7194370694292,-18.38922727193858,TRUE
GSS,1936,0.150554285244319,0.104747208348556,0.197846511012928,3206,1937.7194370694292,-14.38922727193858,TRUE
GSS,1940,0.153899155855098,0.105536008123848,0.203313319822756,2071,1941.7194370694292,-10.38922727193858,TRUE
GSS,1944,0.201067900646776,0.157337785091251,0.246458399403649,4562,1945.7194370694292,-6.38922727193858,TRUE
GSS,1948,0.150638648994395,0.1057004734313,0.196200483224265,3669,1949.7194370694292,-2.38922727193858,TRUE
GSS,1952,0.12905555162576,0.0856182029658394,0.173429480483098,5564,1953.7194370694292,1.61077272806142,TRUE
GSS,1956,0.119377574868239,0.0741358875991983,0.16471094226535,3667,1957.7194370694292,5.61077272806142,TRUE
GSS,1960,0.102447415941299,0.0568969436513497,0.148738809205351,4747,1961.7194370694292,9.61077272806142,TRUE
GSS,1964,0.0973148628808776,0.046898511111642,0.147243420477711,2276,1965.7194370694292,13.61077272806142,TRUE
GSS,1968,0.0600395027660463,0.0138428545842105,0.108599903191142,3461,1969.7194370694292,17.61077272806142,TRUE
GSS,1972,0.014138100049054,-0.036525420967365,0.0652450191908338,2353,1973.7194370694292,21.61077272806142,TRUE
GSS,1976,0.00815771900221439,-0.0427821167756386,0.0603342647219291,2598,1977.7194370694292,25.61077272806142,TRUE
GSS,1980,0.00589879720162302,-0.0534904143947327,0.0648146987484121,1231,1981.7194370694292,29.61077272806142,TRUE
GSS,1984,-0.0880664876584199,-0.144328097008448,-0.0313225058579638,1832,1985.7194370694292,33.61077272806142,FALSE
GSS,1988,-0.125001638178002,-0.185741172679173,-0.0633379141537801,1172,1989.7194370694292,37.61077272806142,FALSE
GSS,1992,-0.139673631637841,-0.202939316382693,-0.0756779246501916,1036,1993.7194370694292,41.61077272806142,FALSE
GSS,1996,-0.103741037894618,-0.175280835475533,-0.0331420809011613,626,1997.7194370694292,45.61077272806142,FALSE
GSS,2000,-0.139681034146267,-0.224446207869887,-0.0551596295212656,357,2001.7194370694292,49.61077272806142,FALSE
GSS,2004,-0.144648289662352,-0.260315068283851,-0.0318439616340782,118,2005.7194370694292,53.61077272806142,FALSE
