survey,n_draws,n_cohort_bins,argmax_pm_grid,argmax_pm_grid_unrestricted,argmax_mode_grid,p_argmax_unrestricted_in_region,argmax_grid_median,argmax_grid_q05,argmax_grid_q95,argmax_grid_n,argmax_grid_unrestricted_median,argmax_grid_unrestricted_q05,argmax_grid_unrestricted_q95,argmax_grid_unrestricted_n,region,region_lo_grid,region_hi_grid,n_bins_region,p_concave,b2_median,b2_q05,b2_q95,frac_vertex_inside_region,vertex_pm_grid,b2_pm,concave_pm,vertex_grid_median,vertex_grid_q05,vertex_grid_q95,vertex_grid_n,grid_offset,c_bar,c_grid_bar
BRFSS,10000,26,1948,1948,1948,0.9986,1948,1940,1952,10000,1948,1940,1952,10000,central80,1932,1984,14,1,-2.1497499146874238e-4,-2.4232303846666469e-4,-1.8781389570968586e-4,1,1949.6232130487435,-2.152338510116092e-4,TRUE,1949.5741317865604,1945.9160165127714,1953.1965921576136,10000,1.1490796564585253,1957.6858684023716,1956.536788745913
BRFSS,10000,26,1948,1948,1948,0.9986,1948,1940,1952,10000,1948,1940,1952,10000,central90,1924,1992,18,1,-1.9487725659402954e-4,-2.1389749699922024e-4,-1.7617237452413557e-4,1,1951.617280154245,-1.9493042546717587e-4,TRUE,1951.5716991146137,1947.8886671784192,1955.4729505880462,10000,1.1490796564585253,1957.6858684023716,1956.536788745913
BRFSS,10000,26,1948,1948,1948,0.9986,1948,1940,1952,10000,1948,1940,1952,10000,all,1904,2004,26,1,-1.4361444639365698e-4,-1.6208337709310307e-4,-1.25672118566367e-4,1,1953.618970598482,-1.4374679099469356e-4,TRUE,1953.4979267530089,1948.8286123975045,1958.6832406057122,10000,1.1490796564585253,1957.6858684023716,1956.536788745913
BRFSS,10000,26,1948,1948,1948,0.9986,1948,1940,1952,10000,1948,1940,1952,10000,local,NA,NA,7,1,-4.7385218982762115e-4,-6.453380055904592e-4,-2.7846884526797457e-4,NA,1948.4615345976476,-4.184450813620541e-4,TRUE,1947.6245288682223,1945.3834854060015,1950.1824741815265,10000,1.1490796564585253,1957.6858684023716,1956.536788745913
MEPS,10000,24,1956,1956,1956,0.9997,1956,1948,1960,10000,1956,1948,1960,10000,central80,1936,1988,14,1,-1.2592694690198006e-4,-1.527930883518515e-4,-9.942109013398061e-5,1,1958.248144405126,-1.2602277170604907e-4,TRUE,1958.2234609252005,1951.8505386051147,1964.3930376431847,10000,1.4579018460153748,1963.6015408474661,1962.1436390014508
MEPS,10000,24,1956,1956,1956,0.9997,1956,1948,1960,10000,1956,1948,1960,10000,central90,1928,1992,17,1,-1.477894863938776e-4,-1.6805849973544653e-4,-1.2775888732473827e-4,1,1961.510446155671,-1.4783050209623427e-4,TRUE,1961.522996688393,1956.4224080434078,1966.7390972145106,10000,1.4579018460153748,1963.6015408474661,1962.1436390014508
MEPS,10000,24,1956,1956,1956,0.9997,1956,1948,1960,10000,1956,1948,1960,10000,all,1912,2004,24,1,-1.59111855084035e-4,-1.854476588783565e-4,-1.3305861069972462e-4,1,1959.4557887421645,-1.592651349455153e-4,TRUE,1959.4573509112333,1954.9236176965785,1963.9160896819537,10000,1.4579018460153748,1963.6015408474661,1962.1436390014508
MEPS,10000,24,1956,1956,1956,0.9997,1956,1948,1960,10000,1956,1948,1960,10000,local,NA,NA,7,0.9988,-2.6654853320505544e-4,-4.2038522207483775e-4,-1.4096095359989624e-4,NA,1953.6797729496761,-2.3701325231161317e-4,TRUE,1953.7551778987977,1950.5407117421369,1957.6236417980426,9988,1.4579018460153748,1963.6015408474661,1962.1436390014508
NHIS,10000,28,1940,1940,1940,0.9376,1940,1940,1948,10000,1940,1896,1948,10000,central80,1928,1980,14,1,-1.1180600472750705e-4,-1.34044724751196e-4,-8.924619522442009e-5,1,1945.3729676604776,-1.1179026653481805e-4,TRUE,1945.3584238716276,1941.228979570642,1948.8240199242025,10000,1.3497634801278764,1956.6114402379746,1955.2616767578468
NHIS,10000,28,1940,1940,1940,0.9376,1940,1940,1948,10000,1940,1896,1948,10000,central90,1920,1988,18,1,-9.631849163372925e-5,-1.0998256836842561e-4,-8.264366567791649e-5,1,1949.013719999623,-9.63186845152107e-5,TRUE,1948.9919960468073,1945.2541668885845,1952.5695583863107,10000,1.3497634801278764,1956.6114402379746,1955.2616767578468
NHIS,10000,28,1940,1940,1940,0.9376,1940,1940,1948,10000,1940,1896,1948,10000,all,1896,2004,28,1,-4.133344357507188e-5,-5.605094699968904e-5,-2.7662452732480815e-5,1,1949.2665442451805,-4.15319046226325e-5,TRUE,1949.2120759549925,1941.667066483606,1956.668268174545,10000,1.3497634801278764,1956.6114402379746,1955.2616767578468
NHIS,10000,28,1940,1940,1940,0.9376,1940,1940,1948,10000,1940,1896,1948,10000,local,NA,NA,7,1,-3.517555541471689e-4,-4.789128321701842e-4,-2.168847597569669e-4,NA,1943.6440386861382,-3.583620946763681e-4,TRUE,1943.7842689936201,1942.0502964942857,1945.9678022527044,10000,1.3497634801278764,1956.6114402379746,1955.2616767578468
CPS,10000,25,1952,1952,1952,0.9792,1952,1948,1960,10000,1952,1948,1960,10000,central80,1936,1988,14,1,-1.1176380786508353e-4,-1.3645411229534681e-4,-8.664587070473444e-5,0.9999,1955.8676086561736,-1.1151551751625483e-4,TRUE,1956.0109402553244,1949.3874748456285,1961.0446179358748,10000,1.4829087447710663,1964.8067533378423,1963.3238445930713
CPS,10000,25,1952,1952,1952,0.9792,1952,1948,1960,10000,1952,1948,1960,10000,central90,1928,1992,17,1,-1.4215371729934937e-4,-1.5996496760591896e-4,-1.2413310011357277e-4,1,1959.4898063052979,-1.4200140310655123e-4,TRUE,1959.5932605761125,1955.0071490299647,1963.4530447378497,10000,1.4829087447710663,1964.8067533378423,1963.3238445930713
CPS,10000,25,1952,1952,1952,0.9792,1952,1948,1960,10000,1952,1948,1960,10000,all,1908,2004,25,1,-9.390962625633201e-5,-1.1618348826391e-4,-7.351473672548583e-5,1,1961.4687610363221,-9.418915814936882e-5,TRUE,1961.615219536636,1955.3569198467935,1967.3203102587195,10000,1.4829087447710663,1964.8067533378423,1963.3238445930713
CPS,10000,25,1952,1952,1952,0.9792,1952,1948,1960,10000,1952,1948,1960,10000,local,NA,NA,7,0.987,-3.176423811223117e-4,-4.7605891011163657e-4,-9.882930156563309e-5,NA,1952.3597197399515,-3.5192153915176256e-4,TRUE,1952.4841755695015,1949.5842140977002,1956.4615143644094,9870,1.4829087447710663,1964.8067533378423,1963.3238445930713
NHANES,10000,22,1972,1972,1972,0.9125,1956,1940,1972,10000,1956,1940,1972,10000,central80,1936,1988,14,0.9995,-8.863977908212889e-5,-1.3598652539087045e-4,-4.1899188422167375e-5,0.9916958479239619,1956.0636207276907,-8.878062591484476e-5,TRUE,1956.051387239763,1946.940625567171,1961.5172762908237,9995,2.0278570196505825,1963.8009407300278,1961.7730837103773
NHANES,10000,22,1972,1972,1972,0.9125,1956,1940,1972,10000,1956,1940,1972,10000,central90,1928,1992,17,0.9999,-8.238319812777916e-5,-1.1820987811607376e-4,-4.5880918942643464e-5,1,1956.5023927467573,-8.233478602117115e-5,TRUE,1956.4054949093752,1950.115701219404,1961.9135025843336,9999,2.0278570196505825,1963.8009407300278,1961.7730837103773
NHANES,10000,22,1972,1972,1972,0.9125,1956,1940,1972,10000,1956,1940,1972,10000,all,1916,2000,22,0.9998,-5.309828115659941e-5,-8.421844838153128e-5,-2.4623097665142823e-5,0.9996999399879976,1960.2888886017006,-5.377778867273512e-5,TRUE,1960.0641489031227,1952.7321806187977,1968.4583284343453,9998,2.0278570196505825,1963.8009407300278,1961.7730837103773
NHANES,10000,22,1972,1972,1972,0.9125,1956,1940,1972,10000,1956,1940,1972,10000,local,NA,NA,7,0.9127,-1.7329132558602714e-4,-4.1415943064304747e-4,3.075661886282313e-5,NA,1959.6186768883917,-1.1291210134271042e-4,TRUE,1955.7793662920815,1942.7816729196861,1968.8657394822976,9127,2.0278570196505825,1963.8009407300278,1961.7730837103773
GSS,10000,31,1944,1944,1944,0.9549,1944,1944,1944,10000,1944,1940,1944,10000,central80,1920,1980,16,1,-1.606652320824326e-4,-1.8448446586835965e-4,-1.3714828633091958e-4,1,1946.2356588689408,-1.6071142549507744e-4,TRUE,1946.2025915942313,1943.7970614569806,1948.6656736837672,10000,1.7194370694292047,1952.1086643413678,1950.3892272719386
GSS,10000,31,1944,1944,1944,0.9549,1944,1944,1944,10000,1944,1940,1944,10000,central90,1912,1988,20,1,-1.7743797626994123e-4,-1.9313505142514264e-4,-1.6179050147116584e-4,1,1947.5447758435712,-1.7744202401462312e-4,TRUE,1947.4955349349061,1945.5170048420775,1949.6477588046666,10000,1.7194370694292047,1952.1086643413678,1950.3892272719386
GSS,10000,31,1944,1944,1944,0.9549,1944,1944,1944,10000,1944,1940,1944,10000,all,1884,2004,31,1,-7.40841522055841e-5,-8.923966766409075e-5,-5.8768984594972146e-5,1,1943.2054839265834,-7.407054867032368e-5,TRUE,1943.1478098724933,1938.3170589454955,1947.9555401422895,10000,1.7194370694292047,1952.1086643413678,1950.3892272719386
GSS,10000,31,1944,1944,1944,0.9549,1944,1944,1944,10000,1944,1940,1944,10000,local,NA,NA,7,1,-4.3401277039422325e-4,-6.141971271567217e-4,-2.554260633477558e-4,NA,1943.9023483546584,-4.355123411621803e-4,TRUE,1943.8820499123667,1941.8228585020415,1945.5048630845981,10000,1.7194370694292047,1952.1086643413678,1950.3892272719386
